"種類","価格情報区分","地域","市区町村コード","都道府県名","市区町村名","地区名","最寄駅：名称","最寄駅：距離（分）","取引価格（総額）","面積（㎡）","土地の形状","間口","延床面積（㎡）","建築年","建物の構造","用途","今後の利用目的","前面道路：方位","前面道路：種類","前面道路：幅員（ｍ）","都市計画","建ぺい率（％）","容積率（％）","取引時期","取引の事情等"
"宅地(土地と建物)","不動産取引価格情報","住宅地","04104","宮城県","仙台市太白区","青山","長町南","30分～60分",9800000,200,"ほぼ整形","",140,"1981年","木造","共同住宅","住宅","南東","私道",4,"１低住専",50,80,"2018年第4四半期",""
"宅地(土地と建物)","不動産取引価格情報","住宅地","04104","宮城県","仙台市太白区","青山","長町南","30分～60分",9800000,310,"ほぼ長方形",14.5,105,"1983年","軽量鉄骨造","住宅","住宅","南東","市道",4.8,"１低住専",50,80,"2018年第4四半期",""
"宅地(土地と建物)","不動産取引価格情報","住宅地","04104","宮城県","仙台市太白区","青山","長町南","30分～60分",23000000,135,"長方形",6.5,85,"2017年","木造","住宅","住宅","南西","市道",4.5,"１低住専",50,80,"2018年第4四半期",""
"宅地(土地と建物)","不動産取引価格情報","住宅地","04104","宮城県","仙台市太白区","青山","長町南","30分～60分",7000000,280,"ほぼ長方形",15,80,"1965年","木造","住宅","住宅","西","道路",4.6,"１低住専",50,80,"2018年第4四半期",""
"宅地(土地と建物)","不動産取引価格情報","住宅地","04104","宮城県","仙台市太白区","青山","長町南","30分～60分",22000000,125,"ほぼ整形",12.8,80,"2017年","木造","住宅","","南西","市道",4.5,"１低住専",50,80,"2018年第3四半期",""
"宅地(土地と建物)","不動産取引価格情報","住宅地","04104","宮城県","仙台市太白区","青山","長町南","30分～60分",6000000,180,"ほぼ長方形",13,140,"1980年","木造","共同住宅","住宅","北西","市道",7.5,"１低住専",50,80,"2018年第2四半期",""
"宅地(土地と建物)","不動産取引価格情報","住宅地","04104","宮城県","仙台市太白区","青山","長町南","30分～60分",21000000,350,"ほぼ正方形","",105,"2018年","木造","住宅","住宅","北西","私道",4.5,"１低住専",50,80,"2018年第1四半期","私道を含む取引"
"宅地(土地と建物)","不動産取引価格情報","住宅地","04104","宮城県","仙台市太白区","青山","八木山動物公園",28,20000000,330,"長方形",18.5,180,"1994年","木造","共同住宅","住宅","南東","道路",6,"１低住専",50,80,"2018年第3四半期",""
"宅地(土地と建物)","不動産取引価格情報","住宅地","04104","宮城県","仙台市太白区","青山","八木山動物公園",18,28000000,310,"台形",17.5,105,"2018年","木造","住宅","","南西","市道",4,"１低住専",50,80,"2018年第2四半期",""
"宅地(土地と建物)","不動産取引価格情報","住宅地","04104","宮城県","仙台市太白区","青山","八木山動物公園",15,36000000,190,"ほぼ長方形",8.7,125,"2018年","木造","住宅","住宅","北西","市道",4,"１低住専",50,80,"2018年第2四半期",""
"宅地(土地と建物)","不動産取引価格情報","住宅地","04104","宮城県","仙台市太白区","秋保町長袋","陸前白沢","1H30～2H",3500000,740,"不整形","",85,"1982年","木造","住宅","その他","東","市道",6.2,"都計外","","","2018年第3四半期",""
"宅地(土地と建物)","不動産取引価格情報","住宅地","04104","宮城県","仙台市太白区","泉崎","長町南",12,64000000,330,"ほぼ長方形",14,210,"1980年","木造","住宅、店舗","","北","市道",6,"２種住居",60,200,"2018年第1四半期",""
"宅地(土地と建物)","不動産取引価格情報","住宅地","04104","宮城県","仙台市太白区","大塒町","長町南","30分～60分",25000000,165,"長方形",9.5,105,"2018年","木造","住宅","住宅","南東","市道",4,"１低住専",50,80,"2018年第4四半期",""
"宅地(土地と建物)","不動産取引価格情報","住宅地","04104","宮城県","仙台市太白区","大塒町","長町南","30分～60分",25000000,170,"長方形",10.2,105,"2018年","木造","住宅","住宅","南東","市道",4,"１低住専",50,80,"2018年第4四半期",""
"宅地(土地と建物)","不動産取引価格情報","住宅地","04104","宮城県","仙台市太白区","大野田","太子堂",5,120000000,720,"台形",39,"","","","","","南東","市道",6,"２種住居",60,200,"2018年第4四半期",""
"宅地(土地と建物)","不動産取引価格情報","住宅地","04104","宮城県","仙台市太白区","大野田","太子堂",5,39000000,210,"ほぼ台形",12,"","","","","","南","市道",8,"工業",60,200,"2018年第4四半期",""
"宅地(土地と建物)","不動産取引価格情報","住宅地","04104","宮城県","仙台市太白区","大野田","太子堂",8,98000000,165,"台形",13.4,280,"2018年","","","住宅","南","市道",4,"２種住居",60,200,"2018年第2四半期",""
"宅地(土地と建物)","不動産取引価格情報","住宅地","04104","宮城県","仙台市太白区","大野田","太子堂",11,44000000,190,"不整形","","","","","","","南西","私道",4,"２種住居",60,200,"2018年第2四半期",""
"宅地(土地と建物)","不動産取引価格情報","住宅地","04104","宮城県","仙台市太白区","大野田","富沢",13,250000000,1200,"ほぼ長方形",30.5,1300,"1984年","ＲＣ","共同住宅、その他","その他","西","県道",36,"２種住居",60,200,"2018年第4四半期",""
"宅地(土地と建物)","不動産取引価格情報","住宅地","04104","宮城県","仙台市太白区","大野田","富沢",12,38000000,120,"ほぼ長方形",15,105,"2018年","木造","住宅","住宅","東","私道",6.1,"２種住居",60,200,"2018年第3四半期",""
"宅地(土地と建物)","不動産取引価格情報","住宅地","04104","宮城県","仙台市太白区","大野田","富沢",7,32000000,270,"正方形",16.5,135,"2005年","木造","住宅","住宅","南","市道",6,"２中住専",60,200,"2018年第3四半期",""
"宅地(土地と建物)","不動産取引価格情報","住宅地","04104","宮城県","仙台市太白区","大野田","富沢",15,21000000,240,"不整形","","","","","","","南西","私道",6,"２種住居",60,200,"2018年第1四半期",""
"宅地(土地と建物)","不動産取引価格情報","商業地","04104","宮城県","仙台市太白区","大野田","富沢",14,230000000,"2,000㎡以上","不整形","","2,000㎡以上","1985年","ＲＣ","","その他","西","県道",36,"２種住居",60,200,"2018年第1四半期",""
"宅地(土地と建物)","不動産取引価格情報","住宅地","04104","宮城県","仙台市太白区","大谷地","長町南","30分～60分",24000000,130,"ほぼ長方形",8.5,100,"2018年","木造","住宅","住宅","南東","私道",4,"１低住専",50,80,"2018年第3四半期",""
"宅地(土地と建物)","不動産取引価格情報","住宅地","04104","宮城県","仙台市太白区","大谷地","長町南","30分～60分",23000000,145,"ほぼ長方形",9.9,110,"1979年","木造","住宅","住宅","北東","市道",4,"１低住専",50,80,"2018年第3四半期",""
"宅地(土地と建物)","不動産取引価格情報","住宅地","04104","宮城県","仙台市太白区","大谷地","長町南","30分～60分",40000000,270,"ほぼ長方形","",105,"2018年","木造","住宅","住宅","北東","私道",5,"１低住専",50,80,"2018年第3四半期","私道を含む取引"
"宅地(土地と建物)","不動産取引価格情報","住宅地","04104","宮城県","仙台市太白区","大谷地","長町南","30分～60分",33000000,175,"長方形",9,105,"2018年","木造","住宅","住宅","北西","私道",4,"１低住専",50,80,"2018年第3四半期",""
"宅地(土地と建物)","不動産取引価格情報","住宅地","04104","宮城県","仙台市太白区","大谷地","長町南","30分～60分",32000000,200,"不整形","",115,"2019年","木造","住宅","住宅","北東","私道",5,"１低住専",50,80,"2018年第3四半期",""
"宅地(土地と建物)","不動産取引価格情報","住宅地","04104","宮城県","仙台市太白区","鈎取","富沢","30分～60分",10000000,210,"ほぼ台形",12.6,125,"1974年","木造","住宅","住宅","北東","市道",5.8,"１低住専",50,80,"2018年第3四半期",""
"宅地(土地と建物)","不動産取引価格情報","住宅地","04104","宮城県","仙台市太白区","鈎取","富沢","30分～60分",33000000,240,"長方形",14,115,"","","","住宅","南","市道",6,"１低住専",50,80,"2018年第1四半期",""
"宅地(土地と建物)","不動産取引価格情報","住宅地","04104","宮城県","仙台市太白区","鈎取","長町南","30分～60分",31000000,240,"長方形",13.5,130,"2017年","木造","住宅、駐車場","","北東","市道",8,"１低住専",50,80,"2018年第2四半期",""
"宅地(土地と建物)","不動産取引価格情報","商業地","04104","宮城県","仙台市太白区","鈎取","長町南","30分～60分",240000000,"2,000㎡以上","ほぼ台形",46,430,"1999年","鉄骨造","工場、事務所、店舗","事務所","北西","市道",7.5,"１種住居",60,200,"2018年第2四半期",""
"宅地(土地と建物)","不動産取引価格情報","住宅地","04104","宮城県","仙台市太白区","鈎取","長町南","30分～60分",14000000,210,"不整形",19,120,"1996年","木造","共同住宅","住宅","西","市道",8,"１低住専",50,80,"2018年第1四半期",""
"宅地(土地と建物)","不動産取引価格情報","住宅地","04104","宮城県","仙台市太白区","鈎取","長町南","30分～60分",5300000,230,"長方形",17,105,"1975年","木造","住宅","住宅","北東","市道",4,"１低住専",50,80,"2018年第1四半期",""
"宅地(土地と建物)","不動産取引価格情報","住宅地","04104","宮城県","仙台市太白区","鈎取本町","長町南","30分～60分",25000000,140,"袋地等",2.7,95,"2018年","木造","住宅","住宅","南西","私道",6,"１低住専",50,80,"2018年第1四半期",""
"宅地(土地と建物)","不動産取引価格情報","住宅地","04104","宮城県","仙台市太白区","鈎取本町","長町南","30分～60分",33000000,210,"ほぼ長方形",9.9,115,"2018年","木造","住宅","住宅","北西","私道",6,"１低住専",50,80,"2018年第1四半期",""
"宅地(土地と建物)","不動産取引価格情報","住宅地","04104","宮城県","仙台市太白区","鹿野","長町南",16,11000000,100,"ほぼ長方形","","","1983年","","","住宅","北東","私道",4,"２種住居",60,200,"2018年第4四半期",""
"宅地(土地と建物)","不動産取引価格情報","住宅地","04104","宮城県","仙台市太白区","鹿野","長町南",10,41000000,120,"長方形",10,140,"2003年","木造","住宅","住宅","北","市道",9,"２種住居",60,200,"2018年第3四半期",""
"宅地(土地と建物)","不動産取引価格情報","住宅地","04104","宮城県","仙台市太白区","鹿野","長町南",5,190000000,330,"長方形",16.6,390,"2019年","","共同住宅","","南","市道",6,"２種住居",60,200,"2018年第3四半期",""
"宅地(土地と建物)","不動産取引価格情報","商業地","04104","宮城県","仙台市太白区","鹿野","長町南",8,190000000,840,"不整形",15.5,1200,"1988年","ＲＣ","共同住宅、事務所","住宅","南","市道",18,"近隣商業",80,300,"2018年第2四半期",""
"宅地(土地と建物)","不動産取引価格情報","住宅地","04104","宮城県","仙台市太白区","上野山","八木山動物公園","30分～60分",27000000,220,"ほぼ台形",18.7,105,"2018年","木造","住宅","住宅","西","市道",4.2,"１低住専",50,80,"2018年第4四半期",""
"宅地(土地と建物)","不動産取引価格情報","住宅地","04104","宮城県","仙台市太白区","上野山","八木山動物公園","30分～60分",25000000,210,"長方形",11.5,105,"2018年","木造","住宅","住宅","北","私道",4,"１低住専",50,80,"2018年第4四半期",""
"宅地(土地と建物)","不動産取引価格情報","住宅地","04104","宮城県","仙台市太白区","上野山","八木山動物公園","30分～60分",26000000,200,"長方形",10.5,105,"2018年","木造","住宅","","北","私道",4,"１低住専",50,80,"2018年第4四半期",""
"宅地(土地と建物)","不動産取引価格情報","住宅地","04104","宮城県","仙台市太白区","上野山","八木山動物公園","30分～60分",11000000,540,"ほぼ長方形","",105,"1994年","木造","住宅","住宅","東","市道",5,"１低住専",50,80,"2018年第3四半期","私道を含む取引"
"宅地(土地と建物)","不動産取引価格情報","住宅地","04104","宮城県","仙台市太白区","上野山","八木山動物公園","30分～60分",7500000,290,"ほぼ台形",20,80,"1981年","木造","住宅","住宅","南西","市道",6,"１低住専",50,80,"2018年第2四半期",""
"宅地(土地と建物)","不動産取引価格情報","住宅地","04104","宮城県","仙台市太白区","恵和町","長町南","30分～60分",26000000,180,"長方形",11.6,105,"2018年","木造","住宅","住宅","南西","市道",4,"１低住専",50,80,"2018年第3四半期",""
"宅地(土地と建物)","不動産取引価格情報","住宅地","04104","宮城県","仙台市太白区","恵和町","長町南","30分～60分",23000000,125,"長方形",7.5,95,"2018年","木造","住宅","住宅","北東","市道",4,"１低住専",50,80,"2018年第2四半期",""
"宅地(土地と建物)","不動産取引価格情報","住宅地","04104","宮城県","仙台市太白区","恵和町","長町南","30分～60分",35000000,230,"長方形",15,"","","","","住宅","北西","市道",6.1,"１低住専",50,80,"2018年第1四半期",""
"宅地(土地と建物)","不動産取引価格情報","住宅地","04104","宮城県","仙台市太白区","恵和町","八木山動物公園",20,2000000,150,"長方形",10,45,"1965年","木造","住宅","住宅","南西","市道",4,"１低住専",50,80,"2018年第4四半期",""
"宅地(土地と建物)","不動産取引価格情報","住宅地","04104","宮城県","仙台市太白区","越路","愛宕橋",4,56000000,195,"ほぼ長方形",20,290,"1994年","鉄骨造","共同住宅、店舗","住宅","南東","市道",9,"２種住居",60,200,"2018年第2四半期",""
"宅地(土地と建物)","不動産取引価格情報","住宅地","04104","宮城県","仙台市太白区","郡山","太子堂",11,37000000,160,"不整形",9,115,"2018年","木造","住宅","住宅","西","私道",6.8,"２種住居",60,200,"2018年第4四半期",""
"宅地(土地と建物)","不動産取引価格情報","住宅地","04104","宮城県","仙台市太白区","郡山","太子堂",25,29000000,190,"ほぼ台形",11,105,"2018年","木造","住宅","住宅","北西","市道",6,"１種住居",60,200,"2018年第4四半期",""
"宅地(土地と建物)","不動産取引価格情報","住宅地","04104","宮城県","仙台市太白区","郡山","太子堂",12,11000000,195,"ほぼ長方形",9.8,105,"2005年","木造","住宅","","北","市道",4,"２種住居",60,200,"2018年第2四半期",""
"宅地(土地と建物)","不動産取引価格情報","住宅地","04104","宮城県","仙台市太白区","郡山","太子堂",14,37000000,165,"ほぼ長方形",12,115,"2018年","木造","住宅","住宅","東","市道",6,"２種住居",60,200,"2018年第2四半期",""
"宅地(土地と建物)","不動産取引価格情報","住宅地","04104","宮城県","仙台市太白区","郡山","太子堂",11,44000000,170,"長方形",15.5,115,"2010年","軽量鉄骨造","住宅","住宅","東","市道",6,"２種住居",60,200,"2018年第1四半期",""
"宅地(土地と建物)","不動産取引価格情報","住宅地","04104","宮城県","仙台市太白区","郡山","太子堂",16,38000000,170,"ほぼ長方形",10.8,115,"2018年","木造","住宅","住宅","東","市道",6,"２種住居",60,200,"2018年第1四半期",""
"宅地(土地と建物)","不動産取引価格情報","住宅地","04104","宮城県","仙台市太白区","郡山","太子堂",20,36000000,940,"ほぼ正方形",32,390,"1980年","","","その他","西","市道",5.8,"１種住居",60,200,"2018年第1四半期",""
"宅地(土地と建物)","不動産取引価格情報","住宅地","04104","宮城県","仙台市太白区","郡山","長町",8,35000000,100,"ほぼ正方形",10,105,"2018年","木造","住宅","住宅","北","道路",6,"２種住居",60,200,"2018年第4四半期",""
"宅地(土地と建物)","不動産取引価格情報","住宅地","04104","宮城県","仙台市太白区","郡山","長町",9,40000000,100,"ほぼ整形","",105,"2018年","木造","住宅","","北","私道",4,"２種住居",60,200,"2018年第3四半期",""
"宅地(土地と建物)","不動産取引価格情報","住宅地","04104","宮城県","仙台市太白区","郡山","長町",13,58000000,155,"ほぼ台形",16,"","","","","","西","市道",4.5,"２種住居",60,200,"2018年第2四半期",""
"宅地(土地と建物)","不動産取引価格情報","住宅地","04104","宮城県","仙台市太白区","郡山","長町",13,33000000,80,"ほぼ台形","",85,"2017年","","住宅","住宅","北","市道",40,"２種住居",60,200,"2018年第1四半期",""
"宅地(土地と建物)","不動産取引価格情報","住宅地","04104","宮城県","仙台市太白区","郡山","長町",12,45000000,150,"ほぼ長方形",11.8,"","2018年","","","住宅","北","市道",4,"２種住居",60,200,"2018年第1四半期",""
"宅地(土地と建物)","不動産取引価格情報","住宅地","04104","宮城県","仙台市太白区","郡山","長町",11,45000000,140,"不整形",2.5,105,"2017年","木造","住宅","住宅","北","市道",4,"２種住居",60,200,"2018年第1四半期",""
"宅地(土地と建物)","不動産取引価格情報","住宅地","04104","宮城県","仙台市太白区","金剛沢","長町南","30分～60分",15000000,185,"ほぼ長方形","",145,"1997年","軽量鉄骨造","住宅","事務所","西","市道",6,"１低住専",50,80,"2018年第4四半期",""
"宅地(土地と建物)","不動産取引価格情報","住宅地","04104","宮城県","仙台市太白区","金剛沢","長町南","30分～60分",30000000,180,"ほぼ長方形",11,105,"2018年","木造","住宅","住宅","北西","市道",6,"１低住専",50,80,"2018年第2四半期",""
"宅地(土地と建物)","不動産取引価格情報","住宅地","04104","宮城県","仙台市太白区","金剛沢","長町南","30分～60分",6700000,170,"ほぼ長方形","",95,"1979年","木造","住宅","住宅","北東","私道",4,"１低住専",50,80,"2018年第1四半期",""
"宅地(土地と建物)","不動産取引価格情報","住宅地","04104","宮城県","仙台市太白区","桜木町","八木山動物公園",15,38000000,220,"長方形",14,110,"2019年","","住宅","住宅","南","市道",9,"１低住専",50,80,"2018年第4四半期",""
"宅地(土地と建物)","不動産取引価格情報","住宅地","04104","宮城県","仙台市太白区","桜木町","八木山動物公園",15,9800000,180,"長方形",10.9,135,"1988年","木造","共同住宅","住宅","北","市道",5.5,"１低住専",50,80,"2018年第3四半期",""
"宅地(土地と建物)","不動産取引価格情報","住宅地","04104","宮城県","仙台市太白区","桜木町","八木山動物公園",13,8800000,220,"ほぼ長方形",20,50,"1967年","木造","住宅","住宅","東","市道",6.5,"１低住専",50,80,"2018年第2四半期","私道を含む取引"
"宅地(土地と建物)","不動産取引価格情報","住宅地","04104","宮城県","仙台市太白区","四郎丸","南仙台","30分～60分",23000000,170,"不整形",10.5,105,"2018年","木造","住宅","住宅","北東","市道",5,"１低住専",50,80,"2018年第4四半期",""
"宅地(土地と建物)","不動産取引価格情報","住宅地","04104","宮城県","仙台市太白区","四郎丸","南仙台","30分～60分",25000000,175,"長方形",10.1,105,"2018年","木造","住宅","住宅","南西","道路",6,"１低住専",50,80,"2018年第4四半期",""
"宅地(土地と建物)","不動産取引価格情報","住宅地","04104","宮城県","仙台市太白区","四郎丸","南仙台","30分～60分",20000000,210,"ほぼ長方形",12.5,100,"1986年","木造","住宅","","西","市道",4.9,"１低住専",50,80,"2018年第4四半期",""
"宅地(土地と建物)","不動産取引価格情報","住宅地","04104","宮城県","仙台市太白区","四郎丸","南仙台","30分～60分",21000000,165,"長方形",11.3,105,"2018年","木造","住宅","住宅","北東","市道",6,"１低住専",50,80,"2018年第4四半期",""
"宅地(土地と建物)","不動産取引価格情報","住宅地","04104","宮城県","仙台市太白区","四郎丸","南仙台","30分～60分",49000000,580,"ほぼ台形","",170,"","","住宅","住宅","東","市道",10,"１低住専",50,80,"2018年第4四半期","私道を含む取引"
"宅地(土地と建物)","不動産取引価格情報","住宅地","04104","宮城県","仙台市太白区","四郎丸","南仙台","30分～60分",28000000,195,"ほぼ台形",10.1,120,"2019年","木造","住宅","住宅","南","市道",6,"１低住専",50,80,"2018年第4四半期",""
"宅地(土地と建物)","不動産取引価格情報","住宅地","04104","宮城県","仙台市太白区","四郎丸","南仙台","30分～60分",23000000,120,"ほぼ台形",6,95,"2018年","木造","住宅","住宅","西","市道",5,"１低住専",50,80,"2018年第3四半期",""
"宅地(土地と建物)","不動産取引価格情報","住宅地","04104","宮城県","仙台市太白区","四郎丸","南仙台","30分～60分",27000000,200,"不整形",7.5,105,"2018年","木造","住宅","住宅","北東","私道",4,"１低住専",50,80,"2018年第3四半期",""
"宅地(土地と建物)","不動産取引価格情報","住宅地","04104","宮城県","仙台市太白区","四郎丸","南仙台","30分～60分",19000000,180,"ほぼ長方形",14,110,"1995年","木造","住宅","住宅","北西","市道",5,"１低住専",50,80,"2018年第2四半期",""
"宅地(土地と建物)","不動産取引価格情報","住宅地","04104","宮城県","仙台市太白区","四郎丸","南仙台","30分～60分",25000000,135,"ほぼ長方形",8.5,100,"2018年","木造","住宅","住宅","南","私道",4,"２中住専",60,200,"2018年第2四半期",""
"宅地(土地と建物)","不動産取引価格情報","住宅地","04104","宮城県","仙台市太白区","四郎丸","南仙台","30分～60分",25000000,140,"ほぼ長方形",9.4,100,"2018年","木造","住宅","住宅","南","私道",4,"２中住専",60,200,"2018年第2四半期",""
"宅地(土地と建物)","不動産取引価格情報","住宅地","04104","宮城県","仙台市太白区","四郎丸","南仙台","30分～60分",22000000,130,"不整形","",100,"2018年","木造","住宅","住宅","東","私道",4,"２中住専",60,200,"2018年第2四半期",""
"宅地(土地と建物)","不動産取引価格情報","住宅地","04104","宮城県","仙台市太白区","四郎丸","南仙台","30分～60分",30000000,165,"長方形",11,105,"2018年","木造","住宅","住宅","北東","道路",6,"１低住専",50,80,"2018年第2四半期",""
"宅地(土地と建物)","不動産取引価格情報","住宅地","04104","宮城県","仙台市太白区","諏訪町","太子堂",8,230000000,390,"ほぼ台形",31.5,510,"2018年","鉄骨造","共同住宅","その他","北","市道",6,"２種住居",60,200,"2018年第4四半期",""
"宅地(土地と建物)","不動産取引価格情報","住宅地","04104","宮城県","仙台市太白区","諏訪町","太子堂",9,88000000,200,"不整形",3,"","","","","その他","東","県道",9.3,"２種住居",60,200,"2018年第1四半期",""
"宅地(土地と建物)","不動産取引価格情報","住宅地","04104","宮城県","仙台市太白区","諏訪町","太子堂",11,31000000,130,"ほぼ正方形",11.6,100,"2018年","木造","住宅","住宅","北東","私道",6,"２種住居",60,200,"2018年第1四半期",""
"宅地(土地と建物)","不動産取引価格情報","住宅地","04104","宮城県","仙台市太白区","太子堂","太子堂",10,36000000,165,"ほぼ台形",14,105,"2007年","木造","住宅","住宅","北","市道",6,"２種住居",60,200,"2018年第1四半期",""
"宅地(土地と建物)","不動産取引価格情報","住宅地","04104","宮城県","仙台市太白区","太白","八木山動物公園","30分～60分",24000000,330,"ほぼ長方形",17,150,"1991年","木造","住宅","事務所","北西","市道",6.5,"１低住専",50,80,"2018年第4四半期",""
"宅地(土地と建物)","不動産取引価格情報","住宅地","04104","宮城県","仙台市太白区","太白","八木山動物公園","30分～60分",31000000,155,"長方形",8,100,"2019年","","住宅","住宅","南東","市道",6.5,"１低住専",50,80,"2018年第4四半期",""
"宅地(土地と建物)","不動産取引価格情報","住宅地","04104","宮城県","仙台市太白区","太白","八木山動物公園","30分～60分",12000000,330,"ほぼ長方形",20,150,"1991年","木造","住宅","","北東","市道",9.1,"１低住専",50,80,"2018年第3四半期",""
"宅地(土地と建物)","不動産取引価格情報","住宅地","04104","宮城県","仙台市太白区","太白","八木山動物公園","30分～60分",36000000,195,"ほぼ台形",10,100,"2018年","","","住宅","北東","市道",9,"１低住専",50,80,"2018年第2四半期",""
"宅地(土地と建物)","不動産取引価格情報","住宅地","04104","宮城県","仙台市太白区","太白","八木山動物公園","30分～60分",21000000,140,"袋地等",2.9,95,"2018年","木造","住宅","住宅","北西","市道",6,"１低住専",50,80,"2018年第1四半期",""
"宅地(土地と建物)","不動産取引価格情報","住宅地","04104","宮城県","仙台市太白区","土手内","長町南",26,23000000,210,"長方形",12,165,"1994年","木造","住宅","住宅","北西","市道",4.5,"１低住専",50,80,"2018年第4四半期",""
"宅地(土地と建物)","不動産取引価格情報","住宅地","04104","宮城県","仙台市太白区","土手内","長町南",18,23000000,240,"台形",20.5,115,"2000年","木造","住宅","住宅","南","市道",6,"１低住専",50,80,"2018年第4四半期",""
"宅地(土地と建物)","不動産取引価格情報","住宅地","04104","宮城県","仙台市太白区","土手内","長町南",26,16000000,100,"ほぼ長方形",6.8,80,"1995年","木造","住宅","住宅","南東","私道",4,"１低住専",50,80,"2018年第3四半期",""
"宅地(土地と建物)","不動産取引価格情報","住宅地","04104","宮城県","仙台市太白区","土手内","長町南",26,11000000,280,"不整形",42,175,"1988年","木造","共同住宅","住宅","東","市道",6,"１低住専",50,80,"2018年第1四半期",""
"宅地(土地と建物)","不動産取引価格情報","住宅地","04104","宮城県","仙台市太白区","富沢","富沢",18,65000000,330,"ほぼ長方形","",310,"1990年","","","","南","市道",6,"２中住専",60,200,"2018年第4四半期",""
"宅地(土地と建物)","不動産取引価格情報","住宅地","04104","宮城県","仙台市太白区","富沢","富沢",18,70000000,160,"ほぼ整形","","","","","","住宅","北","区画街路",6,"２中住専",60,200,"2018年第4四半期",""
"宅地(土地と建物)","不動産取引価格情報","住宅地","04104","宮城県","仙台市太白区","富沢","富沢",15,39000000,150,"ほぼ長方形",10,105,"2018年","木造","住宅","住宅","南","市道",6,"２種住居",60,200,"2018年第4四半期",""
"宅地(土地と建物)","不動産取引価格情報","住宅地","04104","宮城県","仙台市太白区","富沢","富沢",14,60000000,400,"長方形",30,150,"1974年","木造","住宅","住宅","北","市道",4,"２中住専",60,200,"2018年第3四半期",""
"宅地(土地と建物)","不動産取引価格情報","住宅地","04104","宮城県","仙台市太白区","富沢","富沢",15,120000000,570,"不整形",12,920,"1977年","ＲＣ","共同住宅","","北","市道","","２種住居",60,200,"2018年第3四半期",""
"宅地(土地と建物)","不動産取引価格情報","住宅地","04104","宮城県","仙台市太白区","富沢","富沢",18,58000000,200,"長方形",16,35,"2019年","","住宅","住宅","北","区画街路",6,"２中住専",60,200,"2018年第3四半期",""
"宅地(土地と建物)","不動産取引価格情報","住宅地","04104","宮城県","仙台市太白区","富沢","富沢",23,38000000,190,"長方形",12,110,"2018年","木造","住宅","","北","道路",6,"２中住専",60,200,"2018年第2四半期",""
"宅地(土地と建物)","不動産取引価格情報","住宅地","04104","宮城県","仙台市太白区","富沢","富沢",17,42000000,130,"長方形",8.5,125,"2017年","木造","住宅","住宅","南","市道",6,"２中住専",60,200,"2018年第1四半期",""
"宅地(土地と建物)","不動産取引価格情報","住宅地","04104","宮城県","仙台市太白区","富沢","富沢",14,96000000,250,"ほぼ長方形",13,250,"2018年","木造","共同住宅","その他","東","市道",12,"２中住専",60,200,"2018年第1四半期",""
"宅地(土地と建物)","不動産取引価格情報","住宅地","04104","宮城県","仙台市太白区","富田","富沢",20,53000000,230,"長方形",11,120,"","","","","東","区画街路",6,"１種住居",60,200,"2018年第4四半期",""
"宅地(土地と建物)","不動産取引価格情報","住宅地","04104","宮城県","仙台市太白区","富田","富沢",26,35000000,280,"長方形","",150,"2004年","木造","住宅","住宅","南","私道",6,"１種住居",60,200,"2018年第3四半期",""
"宅地(土地と建物)","不動産取引価格情報","住宅地","04104","宮城県","仙台市太白区","富田","富沢",19,45000000,165,"長方形",9.9,105,"2018年","","","","東","区画街路",6,"２中住専",60,200,"2018年第3四半期",""
"宅地(土地と建物)","不動産取引価格情報","住宅地","04104","宮城県","仙台市太白区","富田","富沢",16,43000000,165,"不整形","",110,"2018年","木造","住宅","","南","区画街路",6,"２中住専",60,200,"2018年第3四半期",""
"宅地(土地と建物)","不動産取引価格情報","住宅地","04104","宮城県","仙台市太白区","富田","富沢",24,45000000,230,"ほぼ長方形",31,135,"2018年","","","","北","区画街路",8,"２中住専",60,200,"2018年第3四半期",""
"宅地(土地と建物)","不動産取引価格情報","住宅地","04104","宮城県","仙台市太白区","富田","富沢",23,60000000,270,"長方形",12,105,"2018年","","住宅","","北","区画街路",13,"２中住専",60,200,"2018年第2四半期",""
"宅地(土地と建物)","不動産取引価格情報","住宅地","04104","宮城県","仙台市太白区","富田","富沢",16,49000000,180,"長方形",17,120,"2018年","木造","住宅","","南","区画街路",6,"２中住専",60,200,"2018年第1四半期",""
"宅地(土地と建物)","不動産取引価格情報","住宅地","04104","宮城県","仙台市太白区","中田","南仙台",16,33000000,125,"ほぼ長方形","",100,"2018年","木造","","住宅","南西","市道",6,"１種住居",60,200,"2018年第4四半期",""
"宅地(土地と建物)","不動産取引価格情報","住宅地","04104","宮城県","仙台市太白区","中田","南仙台",7,38000000,130,"長方形",10.5,100,"2019年","木造","住宅","住宅","東","市道",5,"２種住居",60,200,"2018年第4四半期",""
"宅地(土地と建物)","不動産取引価格情報","住宅地","04104","宮城県","仙台市太白区","中田","南仙台",4,48000000,420,"ほぼ台形",22,180,"1982年","","住宅","住宅","南","市道",4,"１種住居",60,200,"2018年第4四半期",""
"宅地(土地と建物)","不動産取引価格情報","住宅地","04104","宮城県","仙台市太白区","中田","南仙台",14,43000000,210,"ほぼ台形",11.5,105,"2018年","木造","住宅","住宅","北","市道",6,"１種住居",60,200,"2018年第3四半期",""
"宅地(土地と建物)","不動産取引価格情報","住宅地","04104","宮城県","仙台市太白区","中田","南仙台",16,39000000,180,"ほぼ台形",8.5,105,"2018年","木造","住宅","住宅","北","市道",6,"１種住居",60,200,"2018年第3四半期",""
"宅地(土地と建物)","不動産取引価格情報","住宅地","04104","宮城県","仙台市太白区","中田","南仙台",7,75000000,330,"ほぼ台形",13.5,400,"2002年","ＲＣ","共同住宅","住宅","北","市道",22,"２種住居",60,200,"2018年第3四半期",""
"宅地(土地と建物)","不動産取引価格情報","住宅地","04104","宮城県","仙台市太白区","中田","南仙台",13,29000000,160,"不整形",5,100,"2018年","木造","住宅","住宅","東","市道",6,"１種住居",60,200,"2018年第3四半期",""
"宅地(土地と建物)","不動産取引価格情報","住宅地","04104","宮城県","仙台市太白区","中田","南仙台",16,43000000,185,"ほぼ長方形",6,130,"2019年","木造","住宅","住宅","北","市道",6,"１種住居",60,200,"2018年第3四半期",""
"宅地(土地と建物)","不動産取引価格情報","住宅地","04104","宮城県","仙台市太白区","中田","南仙台",15,30000000,165,"不整形","",105,"2018年","木造","住宅","住宅","東","私道",4,"１種住居",60,200,"2018年第2四半期",""
"宅地(土地と建物)","不動産取引価格情報","住宅地","04104","宮城県","仙台市太白区","中田","南仙台",18,29000000,175,"不整形","",105,"2018年","木造","住宅","","東","私道",6,"１種住居",60,200,"2018年第2四半期",""
"宅地(土地と建物)","不動産取引価格情報","住宅地","04104","宮城県","仙台市太白区","中田","南仙台",16,36000000,165,"長方形",10,"","2018年","木造","","住宅","東","区画街路",6,"１種住居",60,200,"2018年第2四半期",""
"宅地(土地と建物)","不動産取引価格情報","住宅地","04104","宮城県","仙台市太白区","中田","南仙台",15,44000000,165,"ほぼ長方形",10.1,120,"","","住宅","住宅","南","道路",6,"１種住居",60,200,"2018年第2四半期",""
"宅地(土地と建物)","不動産取引価格情報","住宅地","04104","宮城県","仙台市太白区","中田","南仙台",15,40000000,165,"ほぼ長方形","","","","","","住宅","南","私道",6,"１種住居",60,200,"2018年第2四半期",""
"宅地(土地と建物)","不動産取引価格情報","住宅地","04104","宮城県","仙台市太白区","中田","南仙台",16,42000000,165,"長方形",17,110,"2018年","木造","住宅","住宅","南","市道",6,"１種住居",60,200,"2018年第2四半期",""
"宅地(土地と建物)","不動産取引価格情報","住宅地","04104","宮城県","仙台市太白区","中田","南仙台",9,35000000,150,"ほぼ長方形",9,105,"","","","住宅","南東","私道",4,"１種住居",60,200,"2018年第2四半期",""
"宅地(土地と建物)","不動産取引価格情報","住宅地","04104","宮城県","仙台市太白区","中田","南仙台",17,8700000,95,"ほぼ整形",29.3,"","","","","","南","市道",5.5,"１種住居",60,200,"2018年第2四半期",""
"宅地(土地と建物)","不動産取引価格情報","住宅地","04104","宮城県","仙台市太白区","中田","南仙台",15,34000000,165,"ほぼ長方形",11,80,"2019年","木造","住宅","住宅","北","市道",6,"準工業",60,200,"2018年第2四半期",""
"宅地(土地と建物)","不動産取引価格情報","住宅地","04104","宮城県","仙台市太白区","中田","南仙台",15,44000000,165,"長方形",10,115,"2018年","木造","住宅","住宅","東","私道",6,"１種住居",60,200,"2018年第2四半期",""
"宅地(土地と建物)","不動産取引価格情報","住宅地","04104","宮城県","仙台市太白区","中田","南仙台",14,41000000,165,"長方形",10.5,"","2018年","","","住宅","東","市道",6,"１種住居",60,200,"2018年第1四半期",""
"宅地(土地と建物)","不動産取引価格情報","住宅地","04104","宮城県","仙台市太白区","中田町","南仙台","30分～60分",37000000,185,"ほぼ長方形","",105,"2018年","木造","住宅","住宅","北","市道",8,"１種住居",60,200,"2018年第4四半期",""
"宅地(土地と建物)","不動産取引価格情報","住宅地","04104","宮城県","仙台市太白区","中田町","南仙台",29,28000000,140,"不整形",4,100,"2018年","木造","住宅","住宅","南","道路",6,"１低住専",50,80,"2018年第4四半期",""
"宅地(土地と建物)","不動産取引価格情報","住宅地","04104","宮城県","仙台市太白区","中田町","南仙台","30分～60分",26000000,180,"ほぼ整形","",125,"2006年","木造","住宅","住宅","南","私道",6,"１種住居",60,200,"2018年第4四半期",""
"宅地(土地と建物)","不動産取引価格情報","住宅地","04104","宮城県","仙台市太白区","中田町","南仙台",15,31000000,145,"長方形",6.5,100,"2018年","木造","住宅","住宅","北","市道",6,"１種住居",60,200,"2018年第3四半期",""
"宅地(土地と建物)","不動産取引価格情報","住宅地","04104","宮城県","仙台市太白区","中田町","南仙台",23,24000000,210,"ほぼ長方形",14,125,"1992年","木造","住宅","住宅","南","市道",6,"１種住居",60,200,"2018年第3四半期",""
"宅地(土地と建物)","不動産取引価格情報","住宅地","04104","宮城県","仙台市太白区","中田町","南仙台",25,31000000,135,"ほぼ長方形",10.5,100,"2019年","木造","住宅","住宅","西","市道",6,"１種住居",60,200,"2018年第3四半期",""
"宅地(土地と建物)","不動産取引価格情報","住宅地","04104","宮城県","仙台市太白区","中田町","南仙台",21,53000000,160,"長方形",11,110,"2018年","","住宅","住宅","南","市道",6,"１種住居",60,200,"2018年第1四半期",""
"宅地(土地と建物)","不動産取引価格情報","住宅地","04104","宮城県","仙台市太白区","中田町","南仙台",21,170000000,1000,"不整形",40,700,"2018年","木造","共同住宅","住宅","南東","市道",4,"１種住居",60,200,"2018年第1四半期",""
"宅地(土地と建物)","不動産取引価格情報","商業地","04104","宮城県","仙台市太白区","長町","長町",1,120000000,650,"ほぼ長方形",9,75,"1946年","木造","住宅","住宅","北西","市道",21,"商業",80,400,"2018年第4四半期",""
"宅地(土地と建物)","不動産取引価格情報","住宅地","04104","宮城県","仙台市太白区","長町","長町",5,18000000,95,"ほぼ長方形","",105,"1996年","木造","共同住宅","","南西","私道",4,"商業",80,400,"2018年第4四半期",""
"宅地(土地と建物)","不動産取引価格情報","住宅地","04104","宮城県","仙台市太白区","長町","長町",5,23000000,120,"ほぼ長方形","",140,"1996年","木造","共同住宅","","南西","私道",4,"商業",80,400,"2018年第4四半期",""
"宅地(土地と建物)","不動産取引価格情報","商業地","04104","宮城県","仙台市太白区","長町","長町",9,100000000,140,"ほぼ台形",12.5,200,"2018年","木造","共同住宅","住宅","東","市道",5,"近隣商業",80,300,"2018年第3四半期",""
"宅地(土地と建物)","不動産取引価格情報","商業地","04104","宮城県","仙台市太白区","長町","長町",3,150000000,430,"台形",18.8,820,"1983年","ＲＣ","店舗","店舗","南","市道",30,"商業",80,400,"2018年第3四半期",""
"宅地(土地と建物)","不動産取引価格情報","住宅地","04104","宮城県","仙台市太白区","長町","長町",10,260000000,1200,"台形",35,"","","","","住宅","北西","市道",4.2,"２種住居",60,200,"2018年第2四半期",""
"宅地(土地と建物)","不動産取引価格情報","住宅地","04104","宮城県","仙台市太白区","長町","長町",11,46000000,80,"ほぼ正方形",9,115,"2017年","ＲＣ","住宅","住宅","南西","私道",4,"近隣商業",80,300,"2018年第1四半期",""
"宅地(土地と建物)","不動産取引価格情報","住宅地","04104","宮城県","仙台市太白区","長町","長町",10,34000000,190,"ほぼ長方形",13,185,"1988年","木造","共同住宅","その他","東","市道",6,"２種住居",60,200,"2018年第1四半期",""
"宅地(土地と建物)","不動産取引価格情報","住宅地","04104","宮城県","仙台市太白区","長町","長町一丁目",9,42000000,130,"長方形",12,100,"2018年","木造","住宅","住宅","南","市道",4,"２種住居",60,200,"2018年第4四半期",""
"宅地(土地と建物)","不動産取引価格情報","住宅地","04104","宮城県","仙台市太白区","長町","長町一丁目",4,50000000,120,"ほぼ長方形",6.5,320,"1979年","ＲＣ","住宅","住宅","南西","市道",8,"商業",80,400,"2018年第1四半期",""
"宅地(土地と建物)","不動産取引価格情報","住宅地","04104","宮城県","仙台市太白区","長町","長町南",8,80000000,360,"ほぼ長方形",10.3,240,"2001年","木造","共同住宅","","西","市道",4.7,"近隣商業",80,300,"2018年第4四半期",""
"宅地(土地と建物)","不動産取引価格情報","住宅地","04104","宮城県","仙台市太白区","長町","長町南",4,37000000,195,"ほぼ台形",10,120,"1995年","軽量鉄骨造","共同住宅","その他","北西","市道",4,"２種住居",60,200,"2018年第3四半期",""
"宅地(土地と建物)","不動産取引価格情報","住宅地","04104","宮城県","仙台市太白区","長町","長町南",8,79000000,150,"不整形",7,150,"2018年","木造","共同住宅","その他","東","市道",4,"２種住居",60,200,"2018年第3四半期",""
"宅地(土地と建物)","不動産取引価格情報","住宅地","04104","宮城県","仙台市太白区","長町南","太子堂",6,200000000,1100,"台形",28.5,1100,"1986年","ＲＣ","共同住宅","住宅","東","市道",5,"２種住居",60,200,"2018年第1四半期",""
"宅地(土地と建物)","不動産取引価格情報","住宅地","04104","宮城県","仙台市太白区","長町南","太子堂",7,45000000,65,"ほぼ正方形",8,95,"2017年","ＲＣ","住宅","住宅","南","市道",6.9,"工業",60,200,"2018年第1四半期",""
"宅地(土地と建物)","不動産取引価格情報","住宅地","04104","宮城県","仙台市太白区","長町南","長町南",11,51000000,170,"台形",12,135,"2019年","","","住宅","東","市道",4.5,"２種住居",60,200,"2018年第3四半期",""
"宅地(土地と建物)","不動産取引価格情報","住宅地","04104","宮城県","仙台市太白区","長嶺","長町一丁目","30分～60分",25000000,380,"台形",12.5,390,"1984年","ＲＣ","共同住宅","その他","北西","市道",5,"２中住専",60,200,"2018年第4四半期",""
"宅地(土地と建物)","不動産取引価格情報","住宅地","04104","宮城県","仙台市太白区","西多賀","富沢",18,6800000,130,"ほぼ台形",6,125,"1989年","木造","共同住宅","その他","西","市道",4.8,"２種住居",60,200,"2018年第3四半期",""
"宅地(土地と建物)","不動産取引価格情報","住宅地","04104","宮城県","仙台市太白区","西多賀","富沢",18,35000000,170,"袋地等",3,105,"2018年","木造","住宅","住宅","北東","私道",6,"１種住居",60,200,"2018年第2四半期",""
"宅地(土地と建物)","不動産取引価格情報","住宅地","04104","宮城県","仙台市太白区","西多賀","富沢",20,30000000,140,"不整形",6,95,"2017年","木造","住宅","住宅","南東","私道",4,"１種住居",60,200,"2018年第2四半期",""
"宅地(土地と建物)","不動産取引価格情報","住宅地","04104","宮城県","仙台市太白区","西多賀","富沢",20,32000000,145,"長方形",12.4,100,"2018年","木造","住宅","住宅","南東","私道",4,"１種住居",60,200,"2018年第2四半期",""
"宅地(土地と建物)","不動産取引価格情報","住宅地","04104","宮城県","仙台市太白区","西多賀","長町","30分～60分",8000000,470,"不整形",22.4,105,"1969年","木造","住宅","住宅","東","私道",4.5,"１低住専",50,80,"2018年第4四半期",""
"宅地(土地と建物)","不動産取引価格情報","住宅地","04104","宮城県","仙台市太白区","西多賀","長町南","30分～60分",27000000,200,"ほぼ長方形","",100,"2018年","木造","住宅","住宅","南東","私道",4,"２中住専",60,200,"2018年第4四半期",""
"宅地(土地と建物)","不動産取引価格情報","住宅地","04104","宮城県","仙台市太白区","西多賀","長町南",26,36000000,480,"不整形","",115,"2014年","木造","住宅","住宅","南東","私道",4.1,"１種住居",60,200,"2018年第3四半期","私道を含む取引"
"宅地(土地と建物)","不動産取引価格情報","商業地","04104","宮城県","仙台市太白区","西多賀","長町南",28,130000000,700,"ほぼ長方形",47,440,"1986年","ＲＣ","住宅、その他","店舗","南","市道",9,"１種住居",60,200,"2018年第3四半期",""
"宅地(土地と建物)","不動産取引価格情報","住宅地","04104","宮城県","仙台市太白区","西多賀","長町南","30分～60分",5000000,230,"ほぼ台形","",70,"","木造","住宅","","南西","私道",4,"２中住専",60,200,"2018年第2四半期",""
"宅地(土地と建物)","不動産取引価格情報","住宅地","04104","宮城県","仙台市太白区","西多賀","長町南",16,91000000,410,"不整形",15.5,290,"2018年","木造","共同住宅","住宅","南西","市道",22,"２種住居",60,200,"2018年第2四半期",""
"宅地(土地と建物)","不動産取引価格情報","住宅地","04104","宮城県","仙台市太白区","西中田","南仙台",6,34000000,125,"長方形",8,105,"2018年","木造","住宅","住宅","北","市道",6,"１種住居",60,200,"2018年第4四半期",""
"宅地(土地と建物)","不動産取引価格情報","住宅地","04104","宮城県","仙台市太白区","西中田","南仙台",6,30000000,105,"長方形",7,95,"2018年","木造","住宅","住宅","北","市道",6,"１種住居",60,200,"2018年第4四半期",""
"宅地(土地と建物)","不動産取引価格情報","住宅地","04104","宮城県","仙台市太白区","西中田","南仙台",6,40000000,160,"ほぼ長方形",9,110,"2019年","木造","住宅","","南","市道",6,"１種住居",60,200,"2018年第4四半期",""
"宅地(土地と建物)","不動産取引価格情報","住宅地","04104","宮城県","仙台市太白区","西中田","南仙台",5,40000000,135,"長方形",7.7,105,"2018年","木造","住宅","住宅","南","市道",12,"１種住居",60,200,"2018年第3四半期",""
"宅地(土地と建物)","不動産取引価格情報","住宅地","04104","宮城県","仙台市太白区","西中田","南仙台",15,36000000,120,"ほぼ正方形",8,105,"2018年","木造","住宅","住宅","西","県道",22,"２種住居",60,200,"2018年第3四半期",""
"宅地(土地と建物)","不動産取引価格情報","住宅地","04104","宮城県","仙台市太白区","西中田","南仙台",18,28000000,100,"長方形",8.8,100,"2017年","木造","住宅","住宅","南","市道",6,"１種住居",60,200,"2018年第1四半期",""
"宅地(土地と建物)","不動産取引価格情報","住宅地","04104","宮城県","仙台市太白区","西中田","南仙台",10,37000000,145,"ほぼ長方形",8.1,105,"2017年","木造","住宅","住宅","南西","市道",4.5,"１種住居",60,200,"2018年第1四半期",""
"宅地(土地と建物)","不動産取引価格情報","住宅地","04104","宮城県","仙台市太白区","西中田","南仙台",10,41000000,180,"ほぼ長方形",12,105,"2017年","木造","住宅","住宅","東","市道",6,"１種住居",60,200,"2018年第1四半期",""
"宅地(土地と建物)","不動産取引価格情報","住宅地","04104","宮城県","仙台市太白区","西中田","南仙台",13,36000000,100,"ほぼ長方形",8,95,"2019年","木造","住宅","住宅","南","市道",8.5,"近隣商業",80,300,"2018年第1四半期",""
"宅地(土地と建物)","不動産取引価格情報","住宅地","04104","宮城県","仙台市太白区","西の平","長町","30分～60分",30000000,280,"ほぼ台形",18,185,"1975年","軽量鉄骨造","共同住宅","住宅","北東","市道",6,"１低住専",50,80,"2018年第3四半期",""
"宅地(土地と建物)","不動産取引価格情報","住宅地","04104","宮城県","仙台市太白区","西の平","長町南",29,16000000,150,"長方形",17,80,"1974年","軽量鉄骨造","住宅","住宅","西","私道",4,"１低住専",50,80,"2018年第4四半期",""
"宅地(土地と建物)","不動産取引価格情報","住宅地","04104","宮城県","仙台市太白区","西の平","長町南","30分～60分",41000000,165,"ほぼ台形",11.3,105,"","","","住宅","南西","道路",6,"１低住専",50,80,"2018年第4四半期",""
"宅地(土地と建物)","不動産取引価格情報","住宅地","04104","宮城県","仙台市太白区","西の平","長町南","30分～60分",17000000,260,"長方形",14.5,"","","","","住宅","北西","市道",4,"１低住専",50,80,"2018年第4四半期",""
"宅地(土地と建物)","不動産取引価格情報","住宅地","04104","宮城県","仙台市太白区","西の平","長町南","30分～60分",57000000,165,"ほぼ正方形",12.8,145,"2019年","軽量鉄骨造","住宅","住宅","南東","市道",6.5,"１低住専",50,80,"2018年第4四半期",""
"宅地(土地と建物)","不動産取引価格情報","住宅地","04104","宮城県","仙台市太白区","西の平","長町南","30分～60分",50000000,165,"長方形","",115,"2018年","木造","住宅","住宅","西","私道",5,"１低住専",50,80,"2018年第3四半期",""
"宅地(土地と建物)","不動産取引価格情報","住宅地","04104","宮城県","仙台市太白区","西の平","長町南","30分～60分",52000000,790,"長方形",19,440,"1995年","木造","共同住宅","その他","北西","市道",6.5,"１低住専",50,80,"2018年第2四半期",""
"宅地(土地と建物)","不動産取引価格情報","住宅地","04104","宮城県","仙台市太白区","西の平","長町南","30分～60分",31000000,650,"ほぼ整形","","","","","","住宅","南東","市道",6,"１種住居",60,200,"2018年第1四半期",""
"宅地(土地と建物)","不動産取引価格情報","住宅地","04104","宮城県","仙台市太白区","西の平","八木山動物公園",21,14000000,250,"ほぼ長方形",14,150,"1983年","木造","住宅","住宅","北西","市道",6,"１低住専",50,80,"2018年第3四半期",""
"宅地(土地と建物)","不動産取引価格情報","住宅地","04104","宮城県","仙台市太白区","日本平","長町南","1H30～2H",7200000,330,"ほぼ長方形","","","1970年","","","住宅","南","市道",4,"１低住専",50,80,"2018年第4四半期",""
"宅地(土地と建物)","不動産取引価格情報","住宅地","04104","宮城県","仙台市太白区","日本平","長町南","1H～1H30",8000000,190,"ほぼ台形",13,125,"1982年","軽量鉄骨造","住宅","住宅","東","市道",6,"１低住専",50,80,"2018年第4四半期",""
"宅地(土地と建物)","不動産取引価格情報","住宅地","04104","宮城県","仙台市太白区","日本平","長町南","1H～1H30",24000000,170,"ほぼ正方形",13.5,105,"2018年","木造","住宅","住宅","北","市道",5,"１低住専",50,80,"2018年第4四半期",""
"宅地(土地と建物)","不動産取引価格情報","住宅地","04104","宮城県","仙台市太白区","日本平","長町南","1H30～2H",6000000,190,"ほぼ正方形",14.5,125,"1982年","軽量鉄骨造","住宅","","東","市道",6,"１低住専",50,80,"2018年第3四半期",""
"宅地(土地と建物)","不動産取引価格情報","住宅地","04104","宮城県","仙台市太白区","日本平","長町南","1H30～2H",20000000,150,"ほぼ正方形",12.5,105,"2017年","木造","住宅","住宅","西","市道",5,"１低住専",50,80,"2018年第2四半期",""
"宅地(土地と建物)","不動産取引価格情報","住宅地","04104","宮城県","仙台市太白区","日本平","長町南","1H～1H30",22000000,160,"長方形",12,100,"2018年","木造","住宅","","南","市道",4,"１低住専",50,80,"2018年第2四半期",""
"宅地(土地と建物)","不動産取引価格情報","住宅地","04104","宮城県","仙台市太白区","日本平","長町南","1H～1H30",7000000,165,"ほぼ長方形","",75,"1969年","木造","住宅","","西","市道",8,"１低住専",50,80,"2018年第1四半期",""
"宅地(土地と建物)","不動産取引価格情報","住宅地","04104","宮城県","仙台市太白区","萩ケ丘","愛宕橋",23,29000000,180,"ほぼ台形",9.6,105,"2018年","木造","住宅","住宅","東","市道",7.6,"２中住専",60,200,"2018年第4四半期",""
"宅地(土地と建物)","不動産取引価格情報","住宅地","04104","宮城県","仙台市太白区","羽黒台","長町南","1H～1H30",12000000,540,"長方形",27,320,"1975年","軽量鉄骨造","共同住宅","","南","市道",8.8,"１低住専",50,80,"2018年第1四半期",""
"宅地(土地と建物)","不動産取引価格情報","住宅地","04104","宮城県","仙台市太白区","東郡山","長町",23,7000000,135,"ほぼ長方形",15,120,"1981年","木造","共同住宅","住宅","北","道路",4,"１種住居",60,200,"2018年第2四半期",""
"宅地(土地と建物)","不動産取引価格情報","住宅地","04104","宮城県","仙台市太白区","東郡山","長町","30分～60分",31000000,150,"不整形",15.7,105,"2018年","木造","住宅","住宅","東","私道",4,"１種住居",60,200,"2018年第2四半期",""
"宅地(土地と建物)","不動産取引価格情報","住宅地","04104","宮城県","仙台市太白区","東中田","南仙台",28,15000000,195,"ほぼ台形",16.6,105,"1976年","木造","住宅","住宅","北","市道",6,"１低住専",50,80,"2018年第4四半期",""
"宅地(土地と建物)","不動産取引価格情報","住宅地","04104","宮城県","仙台市太白区","東中田","南仙台",25,15000000,210,"ほぼ長方形",10,180,"1973年","木造","","店舗","南","市道",11,"１低住専",50,80,"2018年第3四半期",""
"宅地(土地と建物)","不動産取引価格情報","住宅地","04104","宮城県","仙台市太白区","東中田","南仙台",20,38000000,165,"ほぼ整形","",100,"2018年","木造","住宅","住宅","南","私道",5,"１種住居",60,200,"2018年第3四半期",""
"宅地(土地と建物)","不動産取引価格情報","住宅地","04104","宮城県","仙台市太白区","東中田","南仙台",20,35000000,175,"不整形","",100,"2018年","木造","住宅","住宅","北","私道",5,"１種住居",60,200,"2018年第3四半期",""
"宅地(土地と建物)","不動産取引価格情報","住宅地","04104","宮城県","仙台市太白区","東中田","南仙台",20,35000000,185,"不整形",4.3,100,"2018年","木造","住宅","住宅","西","道路",5.5,"１種住居",60,200,"2018年第3四半期",""
"宅地(土地と建物)","不動産取引価格情報","住宅地","04104","宮城県","仙台市太白区","東中田","南仙台",19,46000000,165,"長方形",9.6,135,"2019年","木造","住宅","","東","道路",5.5,"１種住居",60,200,"2018年第3四半期",""
"宅地(土地と建物)","不動産取引価格情報","住宅地","04104","宮城県","仙台市太白区","東中田","南仙台",29,17000000,250,"ほぼ長方形",15,70,"1970年","木造","住宅","住宅","西","市道",4,"１低住専",50,80,"2018年第2四半期",""
"宅地(土地と建物)","不動産取引価格情報","住宅地","04104","宮城県","仙台市太白区","東中田","南仙台",11,6000000,100,"台形",12,"","","","","住宅","南","市道",5.3,"１種住居",60,200,"2018年第2四半期",""
"宅地(土地と建物)","不動産取引価格情報","住宅地","04104","宮城県","仙台市太白区","東中田","南仙台","30分～60分",31000000,140,"ほぼ長方形","",100,"2018年","木造","住宅","住宅","南","私道",5,"１低住専",50,80,"2018年第2四半期",""
"宅地(土地と建物)","不動産取引価格情報","住宅地","04104","宮城県","仙台市太白区","東中田","南仙台","30分～60分",17000000,250,"長方形",15,70,"1970年","木造","住宅","住宅","西","市道",4.5,"１低住専",50,80,"2018年第2四半期",""
"宅地(土地と建物)","不動産取引価格情報","住宅地","04104","宮城県","仙台市太白区","東中田","南仙台","30分～60分",34000000,195,"ほぼ長方形",12.5,110,"2018年","木造","住宅","住宅","西","市道",6,"１低住専",50,80,"2018年第2四半期",""
"宅地(土地と建物)","不動産取引価格情報","住宅地","04104","宮城県","仙台市太白区","東中田","南仙台",27,31000000,200,"ほぼ長方形",11,105,"2018年","木造","住宅","住宅","南東","私道",4,"１低住専",50,80,"2018年第2四半期",""
"宅地(土地と建物)","不動産取引価格情報","住宅地","04104","宮城県","仙台市太白区","東中田","南仙台",23,27000000,120,"ほぼ台形","",95,"2017年","木造","住宅","住宅","南西","私道",6,"１低住専",50,80,"2018年第1四半期",""
"宅地(土地と建物)","不動産取引価格情報","商業地","04104","宮城県","仙台市太白区","東中田","南仙台",14,50000000,370,"台形",22,390,"2001年","鉄骨造","店舗","店舗","西","国道",24,"準工業",60,200,"2018年第1四半期",""
"宅地(土地と建物)","不動産取引価格情報","住宅地","04104","宮城県","仙台市太白区","東中田","南仙台",25,33000000,180,"長方形",10,120,"2018年","木造","住宅","住宅","東","市道",6,"１種住居",60,200,"2018年第1四半期",""
"宅地(土地と建物)","不動産取引価格情報","住宅地","04104","宮城県","仙台市太白区","東中田","南仙台",14,35000000,180,"不整形",8.8,110,"2018年","木造","住宅","住宅","南東","私道",4.5,"１種住居",60,200,"2018年第1四半期",""
"宅地(土地と建物)","不動産取引価格情報","住宅地","04104","宮城県","仙台市太白区","東中田","南仙台",28,35000000,135,"ほぼ長方形",13,105,"2018年","木造","住宅","住宅","南","市道",6,"１低住専",50,80,"2018年第1四半期",""
"宅地(土地と建物)","不動産取引価格情報","住宅地","04104","宮城県","仙台市太白区","東中田","南仙台",28,34000000,400,"ほぼ長方形",18.5,210,"2018年","木造","住宅","住宅","南東","私道",4,"１低住専",50,80,"2018年第1四半期",""
"宅地(土地と建物)","不動産取引価格情報","住宅地","04104","宮城県","仙台市太白区","東中田","南仙台",29,34000000,135,"ほぼ長方形",12.3,105,"2018年","木造","住宅","住宅","南","市道",6,"１低住専",50,80,"2018年第1四半期",""
"宅地(土地と建物)","不動産取引価格情報","住宅地","04104","宮城県","仙台市太白区","人来田","太子堂","1H30～2H",26000000,180,"不整形",9.5,110,"2018年","木造","住宅","住宅","東","市道",12,"１低住専",50,80,"2018年第2四半期",""
"宅地(土地と建物)","不動産取引価格情報","住宅地","04104","宮城県","仙台市太白区","人来田","富沢","1H～1H30",9000000,220,"長方形",14.5,155,"1997年","軽量鉄骨造","住宅","その他","南東","市道",6.4,"１低住専",50,80,"2018年第1四半期","調停・競売等"
"宅地(土地と建物)","不動産取引価格情報","住宅地","04104","宮城県","仙台市太白区","人来田","長町南","1H30～2H",4800000,195,"ほぼ長方形",9,85,"1977年","","住宅","住宅","南東","市道",14,"１低住専",50,80,"2018年第4四半期",""
"宅地(土地と建物)","不動産取引価格情報","住宅地","04104","宮城県","仙台市太白区","ひより台","八木山動物公園","30分～60分",14000000,195,"不整形","",95,"1971年","軽量鉄骨造","住宅","住宅","南東","市道",6,"１低住専",50,80,"2018年第4四半期",""
"宅地(土地と建物)","不動産取引価格情報","住宅地","04104","宮城県","仙台市太白区","ひより台","八木山動物公園","30分～60分",18000000,250,"ほぼ正方形",15.5,150,"1997年","軽量鉄骨造","共同住宅","事務所","南東","市道",6,"１低住専",50,80,"2018年第3四半期",""
"宅地(土地と建物)","不動産取引価格情報","住宅地","04104","宮城県","仙台市太白区","ひより台","八木山動物公園","30分～60分",4300000,95,"不整形",18,70,"1975年","木造","住宅","住宅","南西","市道",6,"１低住専",60,80,"2018年第1四半期",""
"宅地(土地と建物)","不動産取引価格情報","住宅地","04104","宮城県","仙台市太白区","袋原","南仙台","30分～60分",12000000,90,"長方形",10.8,70,"1983年","木造","住宅","住宅","北東","私道",5,"１低住専",50,80,"2018年第4四半期",""
"宅地(土地と建物)","不動産取引価格情報","住宅地","04104","宮城県","仙台市太白区","袋原","南仙台","30分～60分",27000000,180,"長方形","",105,"2018年","木造","住宅","住宅","東","私道",6,"１低住専",50,80,"2018年第4四半期",""
"宅地(土地と建物)","不動産取引価格情報","住宅地","04104","宮城県","仙台市太白区","袋原","南仙台","30分～60分",23000000,180,"ほぼ正方形",13,125,"1996年","木造","住宅","住宅","南西","市道",6,"１低住専",50,80,"2018年第4四半期",""
"宅地(土地と建物)","不動産取引価格情報","住宅地","04104","宮城県","仙台市太白区","袋原","南仙台","30分～60分",7900000,195,"ほぼ台形",16.1,100,"1973年","木造","住宅","住宅","北","市道",5,"１低住専",50,80,"2018年第4四半期",""
"宅地(土地と建物)","不動産取引価格情報","住宅地","04104","宮城県","仙台市太白区","袋原","南仙台",29,45000000,175,"台形",13,"","","","","","北東","私道",6,"１低住専",50,80,"2018年第4四半期",""
"宅地(土地と建物)","不動産取引価格情報","住宅地","04104","宮城県","仙台市太白区","袋原","南仙台","30分～60分",38000000,190,"ほぼ長方形",13.5,105,"2019年","","","住宅","北東","市道",6,"１低住専",50,80,"2018年第3四半期",""
"宅地(土地と建物)","不動産取引価格情報","住宅地","04104","宮城県","仙台市太白区","袋原","南仙台","30分～60分",25000000,140,"長方形",10.5,105,"2018年","木造","住宅","住宅","西","道路",4,"１低住専",50,80,"2018年第3四半期",""
"宅地(土地と建物)","不動産取引価格情報","住宅地","04104","宮城県","仙台市太白区","袋原","南仙台","30分～60分",26000000,195,"ほぼ台形","",100,"2018年","木造","住宅","住宅","東","私道",6,"１低住専",50,80,"2018年第2四半期",""
"宅地(土地と建物)","不動産取引価格情報","住宅地","04104","宮城県","仙台市太白区","袋原","南仙台","30分～60分",6300000,190,"正方形",13.8,85,"1972年","木造","住宅","","北東","市道",6,"１低住専",50,80,"2018年第2四半期",""
"宅地(土地と建物)","不動産取引価格情報","住宅地","04104","宮城県","仙台市太白区","袋原","南仙台","30分～60分",25000000,175,"ほぼ長方形","",100,"2018年","木造","住宅","住宅","東","市道",6,"１低住専",50,80,"2018年第2四半期",""
"宅地(土地と建物)","不動産取引価格情報","住宅地","04104","宮城県","仙台市太白区","袋原","南仙台","30分～60分",44000000,165,"正方形",13,"","","","","住宅","北","私道",6,"１低住専",50,80,"2018年第1四半期",""
"宅地(土地と建物)","不動産取引価格情報","住宅地","04104","宮城県","仙台市太白区","袋原","南仙台",29,24000000,185,"ほぼ長方形",12.5,135,"2002年","木造","住宅","その他","北西","市道",6,"１低住専",50,80,"2018年第1四半期",""
"宅地(土地と建物)","不動産取引価格情報","住宅地","04104","宮城県","仙台市太白区","松が丘","八木山動物公園",18,27000000,145,"台形","",95,"2018年","木造","","住宅","北東","市道",6,"１低住専",50,80,"2018年第4四半期",""
"宅地(土地と建物)","不動産取引価格情報","住宅地","04104","宮城県","仙台市太白区","松が丘","八木山動物公園",18,35000000,140,"ほぼ長方形",8,100,"2018年","木造","住宅","住宅","南","市道",8,"１低住専",50,80,"2018年第4四半期",""
"宅地(土地と建物)","不動産取引価格情報","住宅地","04104","宮城県","仙台市太白区","松が丘","八木山動物公園",15,36000000,145,"長方形",8,105,"2018年","木造","住宅","住宅","南","市道",7.7,"１低住専",50,80,"2018年第4四半期",""
"宅地(土地と建物)","不動産取引価格情報","住宅地","04104","宮城県","仙台市太白区","松が丘","八木山動物公園",15,24000000,140,"袋地等",3,95,"2018年","木造","住宅","住宅","北","市道",5.4,"１低住専",50,80,"2018年第4四半期",""
"宅地(土地と建物)","不動産取引価格情報","住宅地","04104","宮城県","仙台市太白区","松が丘","八木山動物公園",13,34000000,200,"長方形",11.5,105,"2018年","木造","住宅","住宅","南西","市道",6,"１低住専",50,80,"2018年第3四半期",""
"宅地(土地と建物)","不動産取引価格情報","住宅地","04104","宮城県","仙台市太白区","松が丘","八木山動物公園",13,21000000,230,"長方形",14,55,"1970年","木造","住宅","","南西","市道",6,"１低住専",50,80,"2018年第2四半期",""
"宅地(土地と建物)","不動産取引価格情報","住宅地","04104","宮城県","仙台市太白区","松が丘","八木山動物公園",13,30000000,160,"ほぼ長方形",16.5,115,"2017年","木造","住宅","住宅","南東","市道",6,"１低住専",50,80,"2018年第1四半期",""
"宅地(土地と建物)","不動産取引価格情報","住宅地","04104","宮城県","仙台市太白区","松が丘","八木山動物公園",13,20000000,120,"袋地等",2.6,90,"2017年","木造","住宅","住宅","北東","市道",5.2,"１低住専",50,80,"2018年第1四半期",""
"宅地(土地と建物)","不動産取引価格情報","住宅地","04104","宮城県","仙台市太白区","三神峯","長町南","30分～60分",32000000,170,"長方形",10,110,"2018年","木造","住宅","","北東","市道",6,"１低住専",50,80,"2018年第4四半期",""
"宅地(土地と建物)","不動産取引価格情報","住宅地","04104","宮城県","仙台市太白区","三神峯","長町南","30分～60分",17000000,185,"長方形",9,105,"2005年","木造","住宅","","南西","市道",5,"１低住専",50,80,"2018年第3四半期",""
"宅地(土地と建物)","不動産取引価格情報","住宅地","04104","宮城県","仙台市太白区","三神峯","長町南","30分～60分",21000000,185,"長方形",9,105,"2005年","木造","住宅","住宅","南西","市道",5,"１低住専",50,80,"2018年第3四半期",""
"宅地(土地と建物)","不動産取引価格情報","住宅地","04104","宮城県","仙台市太白区","緑ケ丘","長町南",24,8500000,125,"ほぼ正方形",11.3,70,"1990年","木造","共同住宅","住宅","東","市道",4.5,"１低住専",50,80,"2018年第4四半期",""
"宅地(土地と建物)","不動産取引価格情報","住宅地","04104","宮城県","仙台市太白区","緑ケ丘","長町南",24,22000000,145,"長方形",14,105,"2004年","木造","住宅","住宅","南西","私道",4,"１低住専",50,80,"2018年第3四半期",""
"宅地(土地と建物)","不動産取引価格情報","住宅地","04104","宮城県","仙台市太白区","緑ケ丘","長町南",24,21000000,130,"不整形",2.3,90,"2018年","木造","住宅","住宅","南西","市道",5,"１低住専",50,80,"2018年第2四半期",""
"宅地(土地と建物)","不動産取引価格情報","住宅地","04104","宮城県","仙台市太白区","緑ケ丘","長町南",21,6000000,300,"ほぼ長方形",20,95,"1967年","木造","住宅","住宅","東","市道",5,"１低住専",50,80,"2018年第1四半期","調停・競売等"
"宅地(土地と建物)","不動産取引価格情報","住宅地","04104","宮城県","仙台市太白区","緑ケ丘","長町南",24,18000000,210,"長方形",15,105,"2014年","木造","住宅","住宅","西","市道",4,"１低住専",50,80,"2018年第1四半期",""
"宅地(土地と建物)","不動産取引価格情報","住宅地","04104","宮城県","仙台市太白区","緑ケ丘","長町南","30分～60分",5000000,230,"長方形","",80,"1966年","木造","住宅","住宅","北東","市道",4,"１低住専",50,80,"2018年第1四半期",""
"宅地(土地と建物)","不動産取引価格情報","住宅地","04104","宮城県","仙台市太白区","緑ケ丘","長町南","30分～60分",24000000,175,"ほぼ台形",11.5,105,"2017年","木造","住宅","住宅","東","市道",4,"１低住専",50,80,"2018年第1四半期",""
"宅地(土地と建物)","不動産取引価格情報","住宅地","04104","宮城県","仙台市太白区","南大野田","富沢",8,80000000,420,"台形",23.1,310,"1988年","","共同住宅","住宅","西","市道",6,"２中住専",60,200,"2018年第1四半期",""
"宅地(土地と建物)","不動産取引価格情報","住宅地","04104","宮城県","仙台市太白区","向山","愛宕橋",23,14000000,430,"不整形","","","","","","住宅","南西","市道",9.3,"２中住専",60,200,"2018年第4四半期",""
"宅地(土地と建物)","不動産取引価格情報","住宅地","04104","宮城県","仙台市太白区","向山","愛宕橋",11,40000000,155,"長方形",8.7,105,"","","","住宅","東","私道",4,"２種住居",60,200,"2018年第4四半期",""
"宅地(土地と建物)","不動産取引価格情報","住宅地","04104","宮城県","仙台市太白区","向山","愛宕橋",20,16000000,210,"ほぼ長方形",15.6,145,"1986年","軽量鉄骨造","住宅","住宅","南東","市道",7,"２中住専",60,200,"2018年第2四半期",""
"宅地(土地と建物)","不動産取引価格情報","住宅地","04104","宮城県","仙台市太白区","向山","長町一丁目","30分～60分",32000000,180,"台形",11.6,100,"2018年","木造","住宅","住宅","北東","市道",8,"商業",80,300,"2018年第1四半期",""
"宅地(土地と建物)","不動産取引価格情報","住宅地","04104","宮城県","仙台市太白区","茂庭","長町南","1H30～2H",20000000,220,"不整形",5.2,95,"2018年","木造","住宅","","北","道路",4,"１種住居",60,200,"2018年第4四半期","私道を含む取引"
"宅地(土地と建物)","不動産取引価格情報","住宅地","04104","宮城県","仙台市太白区","茂庭台","葛岡","1H～1H30",11000000,220,"正方形",14.8,110,"1990年","木造","住宅","住宅","西","市道",6,"１低住専",50,80,"2018年第1四半期",""
"宅地(土地と建物)","不動産取引価格情報","住宅地","04104","宮城県","仙台市太白区","茂庭台","仙台","2H～",17000000,240,"ほぼ長方形","",110,"1992年","軽量鉄骨造","住宅","事務所","南西","市道",6,"１低住専",50,80,"2018年第4四半期",""
"宅地(土地と建物)","不動産取引価格情報","住宅地","04104","宮城県","仙台市太白区","八木山香澄町","愛宕橋","30分～60分",15000000,165,"台形",9.1,125,"1982年","軽量鉄骨造","共同住宅","住宅","北","市道",4.5,"２種住居",60,200,"2018年第2四半期",""
"宅地(土地と建物)","不動産取引価格情報","住宅地","04104","宮城県","仙台市太白区","八木山香澄町","八木山動物公園","30分～60分",14000000,165,"長方形",10,"","","木造","住宅","住宅","東","市道",5,"２種住居",60,200,"2018年第2四半期",""
"宅地(土地と建物)","不動産取引価格情報","住宅地","04104","宮城県","仙台市太白区","八木山東","八木山動物公園",20,98000000,780,"不整形","",360,"2011年","木造","その他","その他","東","私道",4.1,"１低住専",50,80,"2018年第4四半期",""
"宅地(土地と建物)","不動産取引価格情報","住宅地","04104","宮城県","仙台市太白区","八木山東","八木山動物公園",20,14000000,185,"ほぼ長方形",11.7,115,"1992年","木造","住宅","住宅","北西","私道",6,"１低住専",50,80,"2018年第4四半期",""
"宅地(土地と建物)","不動産取引価格情報","住宅地","04104","宮城県","仙台市太白区","八木山東","八木山動物公園",27,22000000,140,"正方形",11.5,100,"2017年","木造","住宅","住宅","南東","私道",4,"１低住専",50,80,"2018年第3四半期",""
"宅地(土地と建物)","不動産取引価格情報","住宅地","04104","宮城県","仙台市太白区","八木山東","八木山動物公園",19,24000000,165,"ほぼ長方形",10,100,"2017年","木造","住宅","住宅","南西","私道",4,"１低住専",50,80,"2018年第2四半期","私道を含む取引"
"宅地(土地と建物)","不動産取引価格情報","住宅地","04104","宮城県","仙台市太白区","八木山本町","八木山動物公園",7,38000000,165,"ほぼ長方形",7.5,100,"2018年","木造","住宅","","南","市道",6,"２種住居",60,200,"2018年第4四半期",""
"宅地(土地と建物)","不動産取引価格情報","住宅地","04104","宮城県","仙台市太白区","八木山本町","八木山動物公園",7,31000000,170,"ほぼ長方形",17.8,105,"2018年","木造","住宅","住宅","南西","市道",6,"１低住専",50,80,"2018年第3四半期",""
"宅地(土地と建物)","不動産取引価格情報","住宅地","04104","宮城県","仙台市太白区","八木山本町","八木山動物公園",7,30000000,430,"長方形",17,250,"1985年","木造","住宅","住宅","南東","市道",6,"１低住専",50,80,"2018年第1四半期",""
"宅地(土地と建物)","不動産取引価格情報","住宅地","04104","宮城県","仙台市太白区","八木山本町","八木山動物公園",10,32000000,160,"長方形",7.6,105,"2017年","木造","住宅","住宅","南東","市道",6,"１低住専",50,80,"2018年第1四半期",""
"宅地(土地と建物)","不動産取引価格情報","住宅地","04104","宮城県","仙台市太白区","八木山本町","八木山動物公園",6,13000000,320,"ほぼ長方形",16,55,"1996年","木造","住宅","住宅","南","市道",6,"２種住居",60,200,"2018年第1四半期",""
"宅地(土地と建物)","不動産取引価格情報","住宅地","04104","宮城県","仙台市太白区","八木山本町","八木山動物公園",4,30000000,360,"ほぼ長方形",22,150,"1973年","木造","住宅","その他","東","市道",6,"２種住居",60,200,"2018年第1四半期",""
"宅地(土地と建物)","不動産取引価格情報","住宅地","04104","宮城県","仙台市太白区","八木山松波町","愛宕橋","30分～60分",26000000,220,"長方形",13,105,"2017年","木造","住宅","住宅","北西","市道",4,"１低住専",50,80,"2018年第1四半期",""
"宅地(土地と建物)","不動産取引価格情報","住宅地","04104","宮城県","仙台市太白区","八木山松波町","八木山動物公園",20,33000000,145,"ほぼ長方形",18,240,"1999年","ＲＣ","共同住宅、駐車場","住宅","南","市道",7.5,"近隣商業",80,300,"2018年第4四半期",""
"宅地(土地と建物)","不動産取引価格情報","住宅地","04104","宮城県","仙台市太白区","八木山緑町","愛宕橋",25,22000000,390,"長方形",18,135,"1977年","木造","住宅","店舗","南東","市道",4,"２中住専",60,200,"2018年第1四半期",""
"宅地(土地と建物)","不動産取引価格情報","住宅地","04104","宮城県","仙台市太白区","青山","長町南",29,25000000,230,"ほぼ正方形",15.5,105,"2017年","木造","住宅","住宅","南西","市道",4.5,"１低住専",50,80,"2017年第4四半期",""
"宅地(土地と建物)","不動産取引価格情報","住宅地","04104","宮城県","仙台市太白区","八木山南","八木山動物公園",18,30000000,145,"長方形",11.5,100,"2017年","木造","住宅","住宅","北東","市道",6,"１低住専",50,80,"2018年第4四半期",""
"宅地(土地と建物)","不動産取引価格情報","住宅地","04104","宮城県","仙台市太白区","八木山南","八木山動物公園",16,29000000,145,"長方形",11.2,105,"2018年","木造","住宅","住宅","南東","市道",4,"近隣商業",80,300,"2018年第3四半期",""
"宅地(土地と建物)","不動産取引価格情報","住宅地","04104","宮城県","仙台市太白区","八木山南","八木山動物公園",16,21000000,260,"ほぼ正方形",15.6,120,"1978年","木造","住宅","住宅","南東","市道",6,"１低住専",50,80,"2018年第3四半期",""
"宅地(土地と建物)","不動産取引価格情報","住宅地","04104","宮城県","仙台市太白区","八木山南","八木山動物公園",16,30000000,160,"長方形",14.5,105,"2018年","木造","住宅","住宅","南西","市道",10.5,"近隣商業",80,300,"2018年第3四半期",""
"宅地(土地と建物)","不動産取引価格情報","住宅地","04104","宮城県","仙台市太白区","八木山南","八木山動物公園",20,25000000,140,"長方形",8.9,105,"2017年","木造","住宅","住宅","南西","市道",6,"１低住専",50,80,"2018年第3四半期",""
"宅地(土地と建物)","不動産取引価格情報","住宅地","04104","宮城県","仙台市太白区","八木山南","八木山動物公園",16,31000000,145,"ほぼ長方形",10,105,"2018年","木造","住宅","住宅","南西","市道",9,"近隣商業",80,300,"2018年第2四半期",""
"宅地(土地と建物)","不動産取引価格情報","住宅地","04104","宮城県","仙台市太白区","八木山南","八木山動物公園",18,37000000,200,"不整形","",100,"2018年","木造","住宅","住宅","南西","市道",6,"１低住専",50,80,"2018年第2四半期",""
"宅地(土地と建物)","不動産取引価格情報","住宅地","04104","宮城県","仙台市太白区","八木山南","八木山動物公園",16,27000000,165,"長方形",9.5,105,"2018年","木造","住宅","住宅","東","私道",4,"近隣商業",80,300,"2018年第2四半期",""
"宅地(土地と建物)","不動産取引価格情報","住宅地","04104","宮城県","仙台市太白区","八木山南","八木山動物公園",18,29000000,360,"台形",26,250,"1995年","軽量鉄骨造","共同住宅","その他","南西","市道",6,"１低住専",50,80,"2018年第1四半期",""
"宅地(土地と建物)","不動産取引価格情報","住宅地","04104","宮城県","仙台市太白区","八木山南","八木山動物公園",18,20000000,260,"長方形",18,170,"1975年","軽量鉄骨造","共同住宅","住宅","北東","市道",6,"１低住専",50,80,"2018年第1四半期",""
"宅地(土地と建物)","不動産取引価格情報","住宅地","04104","宮城県","仙台市太白区","八木山弥生町","愛宕橋","30分～60分",13000000,400,"ほぼ長方形",24,"","","","住宅","住宅","北西","市道",5,"１低住専",50,80,"2018年第2四半期",""
"宅地(土地と建物)","不動産取引価格情報","住宅地","04104","宮城県","仙台市太白区","八木山弥生町","八木山動物公園",20,78000000,400,"ほぼ台形",14.5,310,"2018年","木造","共同住宅","住宅","北西","市道",6,"１低住専",50,80,"2018年第2四半期",""
"宅地(土地と建物)","不動産取引価格情報","住宅地","04104","宮城県","仙台市太白区","芦の口","長町南","30分～60分",43000000,210,"不整形","","","","","","","南西","市道",22,"２種住居",60,200,"2017年第4四半期",""
"宅地(土地と建物)","不動産取引価格情報","住宅地","04104","宮城県","仙台市太白区","柳生","南仙台",21,33000000,165,"不整形",3,105,"2018年","木造","住宅","住宅","東","市道",6,"１種住居",60,200,"2018年第3四半期",""
"宅地(土地と建物)","不動産取引価格情報","住宅地","04104","宮城県","仙台市太白区","柳生","南仙台",26,29000000,210,"長方形",20.5,105,"2018年","木造","住宅","住宅","南東","市道",2.7,"調整区域",60,100,"2018年第3四半期","私道を含む取引"
"宅地(土地と建物)","不動産取引価格情報","住宅地","04104","宮城県","仙台市太白区","柳生","南仙台",21,36000000,165,"長方形",9,105,"2018年","木造","住宅","住宅","西","市道",16,"１種住居",60,200,"2018年第3四半期",""
"宅地(土地と建物)","不動産取引価格情報","住宅地","04104","宮城県","仙台市太白区","柳生","南仙台",14,51000000,200,"不整形",4.1,115,"2018年","木造","住宅","住宅","南","市道",6.4,"１種住居",60,200,"2018年第2四半期",""
"宅地(土地と建物)","不動産取引価格情報","住宅地","04104","宮城県","仙台市太白区","柳生","南仙台",25,85000000,1200,"ほぼ長方形","","","","","","その他","西","市道",12,"１種住居",60,200,"2018年第1四半期",""
"宅地(土地と建物)","不動産取引価格情報","住宅地","04104","宮城県","仙台市太白区","柳生","南仙台",24,34000000,115,"長方形",7.5,95,"2018年","木造","住宅","住宅","東","市道",12.5,"２種住居",60,200,"2018年第1四半期",""
"宅地(土地と建物)","不動産取引価格情報","住宅地","04104","宮城県","仙台市太白区","柳生","南仙台",25,30000000,270,"長方形",13,135,"1989年","木造","住宅","住宅","西","市道",6,"１種住居",60,200,"2018年第1四半期",""
"宅地(土地と建物)","不動産取引価格情報","住宅地","04104","宮城県","仙台市太白区","山田北前町","富沢","30分～60分",22000000,1000,"ほぼ長方形",20,160,"1991年","木造","住宅","住宅","西","市道",5,"１低住専",50,80,"2018年第4四半期",""
"宅地(土地と建物)","不動産取引価格情報","住宅地","04104","宮城県","仙台市太白区","山田北前町","長町南","30分～60分",28000000,150,"ほぼ長方形",6,105,"2018年","木造","住宅","住宅","南","私道",4.5,"１低住専",50,80,"2018年第4四半期",""
"宅地(土地と建物)","不動産取引価格情報","住宅地","04104","宮城県","仙台市太白区","山田北前町","長町南","30分～60分",8700000,380,"ほぼ長方形","",130,"1980年","木造","住宅","住宅","南西","市道",6.5,"２中住専",60,200,"2018年第3四半期",""
"宅地(土地と建物)","不動産取引価格情報","住宅地","04104","宮城県","仙台市太白区","山田北前町","長町南","1H～1H30",29000000,185,"ほぼ長方形","",105,"2018年","木造","住宅","住宅","南東","私道",4,"１低住専",50,80,"2018年第2四半期",""
"宅地(土地と建物)","不動産取引価格情報","住宅地","04104","宮城県","仙台市太白区","山田自由ケ丘","八木山動物公園","30分～60分",21000000,330,"ほぼ長方形","",195,"1993年","木造","","住宅","東","市道",6,"１低住専",50,80,"2018年第4四半期",""
"宅地(土地と建物)","不動産取引価格情報","住宅地","04104","宮城県","仙台市太白区","山田自由ケ丘","八木山動物公園","30分～60分",11000000,260,"ほぼ長方形","",120,"1981年","木造","住宅","住宅","北","市道",6,"１低住専",50,80,"2018年第1四半期",""
"宅地(土地と建物)","不動産取引価格情報","住宅地","04104","宮城県","仙台市太白区","泉崎","長町南",12,38000000,120,"ほぼ長方形",10,95,"2017年","木造","住宅","住宅","西","市道",5,"２中住専",60,200,"2017年第4四半期",""
"宅地(土地と建物)","不動産取引価格情報","住宅地","04104","宮城県","仙台市太白区","泉崎","長町南",17,140000000,890,"ほぼ整形",18.5,330,"2015年","鉄骨造","事務所、その他","事務所","南西","市道",14,"２中住専",60,200,"2017年第4四半期",""
"宅地(土地と建物)","不動産取引価格情報","住宅地","04104","宮城県","仙台市太白区","山田本町","長町南","30分～60分",15000000,340,"ほぼ長方形",15,150,"1979年","木造","住宅","","北東","市道",6,"１種住居",60,200,"2018年第3四半期",""
"宅地(土地と建物)","不動産取引価格情報","住宅地","04104","宮城県","仙台市太白区","山田本町","長町南","30分～60分",9300000,85,"ほぼ長方形",7.7,80,"1979年","軽量鉄骨造","店舗","住宅","北","市道",15,"１種住居",60,200,"2018年第1四半期",""
"宅地(土地と建物)","不動産取引価格情報","住宅地","04104","宮城県","仙台市太白区","山田本町","長町南","30分～60分",15000000,190,"ほぼ正方形",13.7,115,"1993年","木造","住宅","住宅","南東","市道",6,"１種住居",60,200,"2018年第1四半期",""
"宅地(土地と建物)","不動産取引価格情報","住宅地","04104","宮城県","仙台市太白区","若葉町","八木山動物公園",16,5000000,240,"長方形",20,"","1965年","","住宅","","南西","市道",4,"１低住専",50,80,"2018年第3四半期",""
"宅地(土地と建物)","不動産取引価格情報","住宅地","04104","宮城県","仙台市太白区","若葉町","八木山動物公園",16,46000000,240,"ほぼ長方形","","","2018年","","","住宅","南西","市道",4.5,"１低住専",50,80,"2018年第3四半期",""
"宅地(土地と建物)","不動産取引価格情報","住宅地","04104","宮城県","仙台市太白区","大野田","富沢",12,40000000,100,"長方形",8.7,100,"2017年","木造","住宅","住宅","東","市道",6,"２種住居",60,200,"2017年第4四半期",""
"宅地(土地と建物)","不動産取引価格情報","住宅地","04104","宮城県","仙台市太白区","鈎取","富沢",29,31000000,200,"ほぼ整形","",105,"2017年","木造","住宅","住宅","南西","市道",5,"１種住居",60,200,"2017年第4四半期",""
"宅地(土地と建物)","不動産取引価格情報","住宅地","04104","宮城県","仙台市太白区","鈎取","長町南","30分～60分",30000000,270,"ほぼ台形","",210,"1977年","木造","共同住宅","","北","市道",6,"１種住居",60,200,"2017年第4四半期",""
"宅地(土地と建物)","不動産取引価格情報","住宅地","04104","宮城県","仙台市太白区","鈎取","長町南","30分～60分",11000000,190,"ほぼ長方形",10,100,"1978年","木造","住宅","その他","西","道路",6.5,"２種住居",60,200,"2017年第4四半期",""
"宅地(土地と建物)","不動産取引価格情報","住宅地","04104","宮城県","仙台市太白区","上野山","長町南","30分～60分",27000000,175,"ほぼ台形",9,100,"2017年","木造","住宅","住宅","南","私道",5,"１低住専",50,80,"2017年第4四半期",""
"宅地(土地と建物)","不動産取引価格情報","住宅地","04104","宮城県","仙台市太白区","上野山","長町南","30分～60分",27000000,180,"台形",14.5,"","","","","住宅","北","私道",6,"１低住専",50,80,"2017年第4四半期",""
"宅地(土地と建物)","不動産取引価格情報","住宅地","04104","宮城県","仙台市太白区","上野山","八木山動物公園","30分～60分",13000000,220,"長方形",15,100,"1975年","木造","住宅","住宅","南","市道",9,"１低住専",50,80,"2017年第4四半期",""
"宅地(土地と建物)","不動産取引価格情報","住宅地","04104","宮城県","仙台市太白区","恵和町","長町","30分～60分",24000000,160,"長方形",10.8,95,"2016年","木造","住宅","住宅","北東","市道",6.5,"１低住専",50,80,"2017年第4四半期",""
"宅地(土地と建物)","不動産取引価格情報","住宅地","04104","宮城県","仙台市太白区","恵和町","長町南","30分～60分",3600000,135,"台形",14,65,"1964年","木造","住宅","住宅","北東","市道",4,"１低住専",50,80,"2017年第4四半期",""
"宅地(土地と建物)","不動産取引価格情報","住宅地","04104","宮城県","仙台市太白区","恵和町","長町南","30分～60分",24000000,160,"長方形",11,100,"2017年","木造","住宅","住宅","南西","市道",4,"１低住専",50,80,"2017年第4四半期",""
"宅地(土地と建物)","不動産取引価格情報","住宅地","04104","宮城県","仙台市太白区","郡山","太子堂",16,38000000,165,"長方形",14,115,"2017年","木造","住宅","住宅","西","市道",6,"２種住居",60,200,"2017年第4四半期",""
"宅地(土地と建物)","不動産取引価格情報","住宅地","04104","宮城県","仙台市太白区","郡山","太子堂",23,22000000,280,"長方形",12,80,"1997年","木造","住宅","住宅","北","市道",8,"１種住居",60,200,"2017年第4四半期",""
"宅地(土地と建物)","不動産取引価格情報","住宅地","04104","宮城県","仙台市太白区","金剛沢","長町南","30分～60分",31000000,175,"ほぼ長方形",17,130,"2018年","","住宅","","北","道路",4,"１低住専",50,80,"2017年第4四半期",""
"宅地(土地と建物)","不動産取引価格情報","住宅地","04104","宮城県","仙台市太白区","四郎丸","南仙台","30分～60分",9500000,260,"ほぼ整形","","","","","","住宅","東","市道",5,"２中住専",60,200,"2017年第4四半期",""
"宅地(土地と建物)","不動産取引価格情報","住宅地","04104","宮城県","仙台市太白区","四郎丸","南仙台","30分～60分",34000000,170,"台形",14,105,"2018年","","","住宅","西","市道",4.5,"２中住専",60,200,"2017年第4四半期",""
"宅地(土地と建物)","不動産取引価格情報","住宅地","04104","宮城県","仙台市太白区","四郎丸","南仙台","30分～60分",9000000,330,"台形",16,110,"1971年","木造","住宅","住宅","南東","市道",4,"２中住専",60,200,"2017年第4四半期","関係者間取引"
"宅地(土地と建物)","不動産取引価格情報","住宅地","04104","宮城県","仙台市太白区","四郎丸","南仙台","30分～60分",24000000,165,"不整形",3.5,100,"2018年","木造","住宅","住宅","北東","私道",4,"２中住専",60,200,"2017年第4四半期",""
"宅地(土地と建物)","不動産取引価格情報","住宅地","04104","宮城県","仙台市太白区","太子堂","太子堂",4,30000000,290,"ほぼ長方形",42,"","","","","","北西","市道",10,"工業",60,200,"2017年第4四半期",""
"宅地(土地と建物)","不動産取引価格情報","住宅地","04104","宮城県","仙台市太白区","富沢","富沢",10,37000000,100,"長方形",6.8,95,"2017年","木造","住宅","住宅","南","市道",40,"２種住居",60,200,"2017年第4四半期",""
"宅地(土地と建物)","不動産取引価格情報","住宅地","04104","宮城県","仙台市太白区","富沢","富沢",9,34000000,115,"袋地等",9.7,95,"2017年","木造","住宅","住宅","西","市道",6,"２種住居",60,200,"2017年第4四半期",""
"宅地(土地と建物)","不動産取引価格情報","住宅地","04104","宮城県","仙台市太白区","富沢","富沢",14,35000000,140,"袋地等",2.8,95,"2017年","木造","住宅","住宅","南西","市道",6,"２中住専",60,200,"2017年第4四半期",""
"宅地(土地と建物)","不動産取引価格情報","住宅地","04104","宮城県","仙台市太白区","富沢","富沢",19,42000000,200,"長方形",12.5,115,"2017年","木造","住宅","","南","区画街路",10,"２中住専",60,200,"2017年第4四半期",""
"宅地(土地と建物)","不動産取引価格情報","商業地","04104","宮城県","仙台市太白区","富沢","富沢",9,210000000,900,"長方形",45,940,"1989年","ＲＣ","共同住宅、店舗","住宅","北","市道",12,"２中住専",60,200,"2017年第4四半期",""
"宅地(土地と建物)","不動産取引価格情報","住宅地","04104","宮城県","仙台市太白区","富沢","富沢",12,43000000,140,"台形",6.4,110,"2018年","木造","住宅","住宅","南","市道",6,"２中住専",60,200,"2017年第4四半期",""
"宅地(土地と建物)","不動産取引価格情報","住宅地","04104","宮城県","仙台市太白区","富沢","富沢",13,44000000,150,"長方形",9.5,110,"2018年","木造","住宅","住宅","南","市道",6,"２中住専",60,200,"2017年第4四半期",""
"宅地(土地と建物)","不動産取引価格情報","住宅地","04104","宮城県","仙台市太白区","富沢","富沢",21,38000000,185,"ほぼ台形",13.5,110,"2018年","木造","住宅","","東","区画街路",12,"２中住専",60,200,"2017年第4四半期",""
"宅地(土地と建物)","不動産取引価格情報","住宅地","04104","宮城県","仙台市太白区","富沢","富沢",18,49000000,170,"長方形",11,120,"2018年","軽量鉄骨造","住宅","","北","道路",6,"２中住専",60,200,"2017年第4四半期",""
"宅地(土地と建物)","不動産取引価格情報","住宅地","04104","宮城県","仙台市太白区","富沢","長町南",18,81000000,220,"長方形",11,220,"2018年","木造","共同住宅","住宅","東","市道",6,"２中住専",60,200,"2017年第4四半期",""
"宅地(土地と建物)","不動産取引価格情報","住宅地","04104","宮城県","仙台市太白区","富田","富沢",26,28000000,175,"ほぼ長方形","",80,"2015年","木造","住宅","住宅","南","私道",6,"調整区域",60,100,"2017年第4四半期",""
"宅地(土地と建物)","不動産取引価格情報","住宅地","04104","宮城県","仙台市太白区","中田","南仙台",19,29000000,170,"不整形","",105,"2018年","木造","住宅","住宅","東","私道",6,"１種住居",60,200,"2017年第4四半期",""
"宅地(土地と建物)","不動産取引価格情報","住宅地","04104","宮城県","仙台市太白区","長町","長町",5,710000000,520,"台形",23.5,1300,"2018年","ＲＣ","共同住宅","住宅","北西","市道",17.3,"近隣商業",80,300,"2017年第4四半期",""
"宅地(土地と建物)","不動産取引価格情報","住宅地","04104","宮城県","仙台市太白区","長町","長町",8,37000000,110,"ほぼ長方形",7.3,100,"2018年","木造","住宅","住宅","南","道路",3,"２種住居",60,200,"2017年第4四半期",""
"宅地(土地と建物)","不動産取引価格情報","住宅地","04104","宮城県","仙台市太白区","長町","長町一丁目",8,35000000,100,"長方形",9.5,90,"2006年","木造","住宅","住宅","南","私道",4,"２種住居",60,200,"2017年第4四半期",""
"宅地(土地と建物)","不動産取引価格情報","住宅地","04104","宮城県","仙台市太白区","長町南","太子堂",4,49000000,65,"長方形",7.2,95,"2017年","ＲＣ","住宅","住宅","南","市道",7.5,"工業",60,200,"2017年第4四半期",""
"宅地(土地と建物)","不動産取引価格情報","住宅地","04104","宮城県","仙台市太白区","長町南","長町南",6,49000000,120,"長方形",7.5,120,"2017年","木造","住宅","住宅","西","市道",6,"２種住居",60,200,"2017年第4四半期",""
"宅地(土地と建物)","不動産取引価格情報","商業地","04104","宮城県","仙台市太白区","西多賀","長町南",21,120000000,820,"不整形","50.0m以上",310,"1986年","鉄骨造","店舗","店舗","南東","国道",36,"近隣商業",80,300,"2017年第4四半期",""
"宅地(土地と建物)","不動産取引価格情報","住宅地","04104","宮城県","仙台市太白区","西中田","南仙台",5,69000000,210,"長方形",12,130,"2018年","軽量鉄骨造","住宅","住宅","南","市道",12,"１種住居",60,200,"2017年第4四半期",""
"宅地(土地と建物)","不動産取引価格情報","住宅地","04104","宮城県","仙台市太白区","西の平","長町","30分～60分",46000000,165,"ほぼ長方形",12,115,"2018年","","","住宅","南","私道",5,"１低住専",50,80,"2017年第4四半期",""
"宅地(土地と建物)","不動産取引価格情報","住宅地","04104","宮城県","仙台市太白区","西の平","長町南","30分～60分",29000000,630,"不整形","",80,"1973年","木造","住宅","事務所","北西","市道",7,"近隣商業",80,300,"2017年第4四半期",""
"宅地(土地と建物)","不動産取引価格情報","住宅地","04104","宮城県","仙台市太白区","西の平","長町南","30分～60分",27000000,120,"長方形",9,95,"2018年","","","住宅","南西","私道",4.4,"１低住専",50,80,"2017年第4四半期",""
"宅地(土地と建物)","不動産取引価格情報","住宅地","04104","宮城県","仙台市太白区","西の平","長町南","30分～60分",13000000,300,"長方形",16.5,95,"1976年","木造","住宅","住宅","南東","市道",6,"１低住専",50,80,"2017年第4四半期",""
"宅地(土地と建物)","不動産取引価格情報","住宅地","04104","宮城県","仙台市太白区","羽黒台","長町南","1H～1H30",23000000,140,"ほぼ長方形","",100,"2017年","木造","","住宅","南","市道",6,"１低住専",50,80,"2017年第4四半期",""
"宅地(土地と建物)","不動産取引価格情報","住宅地","04104","宮城県","仙台市太白区","東中田","南仙台",15,21000000,300,"ほぼ台形",19,125,"1990年","軽量鉄骨造","倉庫","倉庫","北","市道",6.3,"１種住居",60,200,"2017年第4四半期",""
"宅地(土地と建物)","不動産取引価格情報","住宅地","04104","宮城県","仙台市太白区","人来田","富沢","1H～1H30",17000000,310,"台形",24,145,"1981年","木造","住宅","住宅","南西","市道",7,"１低住専",50,80,"2017年第4四半期",""
"宅地(土地と建物)","不動産取引価格情報","住宅地","04104","宮城県","仙台市太白区","袋原","南仙台","30分～60分",13000000,220,"ほぼ長方形","",105,"1971年","木造","住宅","住宅","南西","市道",6,"１低住専",50,80,"2017年第4四半期",""
"宅地(土地と建物)","不動産取引価格情報","住宅地","04104","宮城県","仙台市太白区","袋原","南仙台","30分～60分",27000000,175,"ほぼ整形","",105,"2017年","木造","住宅","住宅","南西","私道",6,"２中住専",60,200,"2017年第4四半期",""
"宅地(土地と建物)","不動産取引価格情報","住宅地","04104","宮城県","仙台市太白区","袋原","南仙台","30分～60分",25000000,190,"ほぼ長方形",11,105,"2017年","木造","住宅","住宅","北西","道路",6,"２中住専",60,200,"2017年第4四半期",""
"宅地(土地と建物)","不動産取引価格情報","住宅地","04104","宮城県","仙台市太白区","袋原","南仙台","30分～60分",47000000,170,"ほぼ正方形",11.4,105,"2018年","軽量鉄骨造","住宅","住宅","西","私道",6,"１低住専",50,80,"2017年第4四半期",""
"宅地(土地と建物)","不動産取引価格情報","住宅地","04104","宮城県","仙台市太白区","袋原","南仙台","30分～60分",55000000,"2,000㎡以上","不整形",16,160,"1976年","木造","住宅","住宅","南東","市道",4,"１低住専",50,80,"2017年第4四半期",""
"宅地(土地と建物)","不動産取引価格情報","住宅地","04104","宮城県","仙台市太白区","袋原","南仙台","30分～60分",27000000,175,"ほぼ長方形","",105,"2018年","","","住宅","西","私道",6,"１低住専",50,80,"2017年第4四半期",""
"宅地(土地と建物)","不動産取引価格情報","住宅地","04104","宮城県","仙台市太白区","松が丘","八木山動物公園",16,26000000,145,"長方形",8,110,"2017年","木造","住宅","住宅","南西","市道",5.5,"１低住専",50,80,"2017年第4四半期",""
"宅地(土地と建物)","不動産取引価格情報","住宅地","04104","宮城県","仙台市太白区","緑ケ丘","長町南","30分～60分",16000000,270,"長方形",15,110,"1975年","木造","住宅","住宅","南西","市道",6,"１低住専",50,80,"2017年第4四半期",""
"宅地(土地と建物)","不動産取引価格情報","住宅地","04104","宮城県","仙台市太白区","緑ケ丘","長町南",25,16000000,180,"長方形",10,125,"1989年","木造","住宅","住宅","北西","市道",8,"１低住専",50,80,"2017年第4四半期",""
"宅地(土地と建物)","不動産取引価格情報","住宅地","04104","宮城県","仙台市太白区","緑ケ丘","長町南",23,25000000,175,"長方形",14,105,"2017年","木造","住宅","住宅","南西","市道",4,"１低住専",50,80,"2017年第4四半期",""
"宅地(土地と建物)","不動産取引価格情報","住宅地","04104","宮城県","仙台市太白区","緑ケ丘","長町南",21,15000000,210,"台形",17.5,165,"1989年","木造","住宅","住宅","南東","私道",4,"１低住専",50,80,"2017年第4四半期",""
"宅地(土地と建物)","不動産取引価格情報","住宅地","04104","宮城県","仙台市太白区","向山","愛宕橋",20,11000000,250,"ほぼ長方形","",90,"1961年","木造","住宅","その他","南東","私道",4,"２中住専",60,200,"2017年第4四半期",""
"宅地(土地と建物)","不動産取引価格情報","住宅地","04104","宮城県","仙台市太白区","向山","愛宕橋",25,25000000,200,"不整形",3,100,"2017年","木造","住宅","住宅","南西","市道",3.5,"２中住専",60,200,"2017年第4四半期",""
"宅地(土地と建物)","不動産取引価格情報","住宅地","04104","宮城県","仙台市太白区","向山","愛宕橋",15,6500000,190,"不整形","",90,"1971年","木造","住宅","その他","南東","私道",4,"２種住居",60,200,"2017年第4四半期",""
"宅地(土地と建物)","不動産取引価格情報","住宅地","04104","宮城県","仙台市太白区","茂庭","仙台","2H～",10000000,1200,"ほぼ台形","",230,"1991年","軽量鉄骨造","","","東","私道",9,"調整区域",60,100,"2017年第4四半期",""
"宅地(土地と建物)","不動産取引価格情報","住宅地","04104","宮城県","仙台市太白区","茂庭台","仙台","2H～",13000000,250,"長方形",15,135,"1985年","木造","住宅","住宅","北","市道",6,"１低住専",50,80,"2017年第4四半期",""
"宅地(土地と建物)","不動産取引価格情報","住宅地","04104","宮城県","仙台市太白区","茂庭台","仙台","2H～",12000000,240,"台形",16,95,"1989年","木造","住宅","住宅","南東","市道",6,"１低住専",50,80,"2017年第4四半期",""
"宅地(土地と建物)","不動産取引価格情報","住宅地","04104","宮城県","仙台市太白区","八木山香澄町","愛宕橋",25,14000000,240,"ほぼ台形",26,210,"1994年","木造","共同住宅","住宅","西","道路",4,"２中住専",60,200,"2017年第4四半期",""
"宅地(土地と建物)","不動産取引価格情報","住宅地","04104","宮城県","仙台市太白区","八木山本町","八木山動物公園",5,49000000,300,"ほぼ長方形",16.5,210,"2003年","木造","共同住宅","住宅","南","市道",22,"２種住居",60,200,"2017年第4四半期",""
"宅地(土地と建物)","不動産取引価格情報","住宅地","04104","宮城県","仙台市太白区","八木山本町","八木山動物公園",11,34000000,175,"台形",9.8,115,"2018年","木造","住宅","住宅","南西","市道",6.4,"１低住専",50,80,"2017年第4四半期",""
"宅地(土地と建物)","不動産取引価格情報","住宅地","04104","宮城県","仙台市太白区","八木山緑町","八木山動物公園",29,19000000,165,"ほぼ長方形",11,115,"1962年","木造","住宅","住宅","南西","市道",5,"２中住専",60,200,"2017年第4四半期",""
"宅地(土地と建物)","不動産取引価格情報","住宅地","04104","宮城県","仙台市太白区","八木山南","八木山動物公園",15,37000000,145,"ほぼ長方形","",100,"2017年","木造","住宅","住宅","北東","市道",6,"近隣商業",80,300,"2017年第4四半期",""
"宅地(土地と建物)","不動産取引価格情報","住宅地","04104","宮城県","仙台市太白区","八木山南","八木山動物公園",16,27000000,130,"長方形",10,105,"2017年","木造","住宅","住宅","北西","市道",6,"１低住専",50,80,"2017年第4四半期",""
"宅地(土地と建物)","不動産取引価格情報","住宅地","04104","宮城県","仙台市太白区","八木山南","八木山動物公園",20,30000000,175,"長方形",12,105,"2017年","木造","住宅","住宅","北東","市道",6,"１低住専",50,80,"2017年第4四半期",""
"宅地(土地と建物)","不動産取引価格情報","商業地","04104","宮城県","仙台市太白区","八木山南","八木山動物公園",14,43000000,290,"ほぼ長方形",13,160,"2009年","木造","住宅","住宅","南東","市道",22,"２種住居",60,200,"2017年第4四半期",""
"宅地(土地と建物)","不動産取引価格情報","住宅地","04104","宮城県","仙台市太白区","八木山南","八木山動物公園",21,30000000,140,"長方形",9,105,"2017年","木造","住宅","住宅","北東","市道",6,"１低住専",50,80,"2017年第4四半期",""
"宅地(土地と建物)","不動産取引価格情報","住宅地","04104","宮城県","仙台市太白区","八木山弥生町","愛宕橋","30分～60分",15000000,590,"長方形",23,390,"1989年","","共同住宅","住宅","北東","私道",5.5,"１低住専",50,80,"2017年第4四半期","私道を含む取引"
"宅地(土地と建物)","不動産取引価格情報","住宅地","04104","宮城県","仙台市太白区","八木山弥生町","愛宕橋","30分～60分",16000000,280,"台形",17.5,125,"1983年","木造","住宅","住宅","北","私道",4,"１低住専",50,80,"2017年第4四半期",""
"宅地(土地と建物)","不動産取引価格情報","住宅地","04104","宮城県","仙台市太白区","八木山弥生町","長町南","30分～60分",7500000,330,"ほぼ整形","",105,"1971年","","","住宅","南東","私道",4,"１種住居",60,200,"2017年第4四半期",""
"宅地(土地と建物)","不動産取引価格情報","住宅地","04104","宮城県","仙台市太白区","八木山弥生町","八木山動物公園",24,2300000,180,"長方形",12,85,"1971年","木造","住宅","住宅","北西","市道",4,"１低住専",50,80,"2017年第4四半期",""
"宅地(土地と建物)","不動産取引価格情報","住宅地","04104","宮城県","仙台市太白区","柳生","南仙台",24,33000000,250,"ほぼ台形",13.7,140,"1997年","木造","住宅","住宅","北","市道",12,"１種住居",60,200,"2017年第4四半期",""
"宅地(土地と建物)","不動産取引価格情報","住宅地","04104","宮城県","仙台市太白区","山田","富沢","30分～60分",37000000,300,"不整形",5,110,"","","","住宅","南","私道",4,"調整区域",60,100,"2017年第4四半期",""
"宅地(土地と建物)","不動産取引価格情報","住宅地","04104","宮城県","仙台市太白区","山田本町","富沢","30分～60分",28000000,170,"ほぼ正方形",13,135,"2011年","木造","住宅","住宅","北","市道",6,"１種住居",60,200,"2017年第4四半期",""
"宅地(土地と建物)","不動産取引価格情報","住宅地","04104","宮城県","仙台市太白区","若葉町","八木山動物公園",18,8000000,220,"長方形",12.5,95,"1969年","木造","住宅","","北東","市道",4,"１低住専",50,80,"2017年第4四半期",""
